split,image_stem,class_id,class_name,aabb_w,aabb_h,obb_w,obb_h,obb_aspect,angle_deg
train,IMG_5838_jpg.rf.294970e7ad5a1621586429bf292269c7,4,500,0.12207448049813441,0.16817292807238407,0.1680828732912517,0.12195032898200982,1.3782896257380937,90.04233188942878
train,IMG_5838_jpg.rf.294970e7ad5a1621586429bf292269c7,4,500,0.12335168073707325,0.16613556979530777,0.16098802940097395,0.1161016654998482,1.386612575348322,-92.62454810396623
train,IMG_5838_jpg.rf.294970e7ad5a1621586429bf292269c7,4,500,0.12437921295374976,0.167524002384078,0.16197483551088543,0.11653412763729072,1.3899347667065194,-92.8263523649569
train,IMG_5838_jpg.rf.294970e7ad5a1621586429bf292269c7,4,500,0.12358723579159026,0.16751744768485927,0.1629399022606147,0.11713088134008999,1.3910925999738535,-92.30422019385323
train,IMG_5838_jpg.rf.294970e7ad5a1621586429bf292269c7,4,500,0.16514362327592635,0.19103917843141072,0.16536402611896603,0.13045404163618032,1.2676037020006263,103.36418479505002
train,IMG_5838_jpg.rf.294970e7ad5a1621586429bf292269c7,4,500,0.12400249681254061,0.16930977197491293,0.16704689030822475,0.12085491183192294,1.382210187208134,91.08712367085641
train,IMG_5838_jpg.rf.294970e7ad5a1621586429bf292269c7,4,500,0.1183360631575956,0.16327310192198233,0.16292007373926393,0.11784753025886933,1.3824648966455737,-90.17199438518233
train,IMG_5838_jpg.rf.294970e7ad5a1621586429bf292269c7,4,500,0.1312751165720235,0.17274458659954292,0.16324499431022504,0.11769818121311369,1.3869797530230368,-94.92373515753263
train,IMG_5838_jpg.rf.294970e7ad5a1621586429bf292269c7,4,500,0.1250042155734704,0.16803947935218366,0.16296604290298383,0.11788467982780454,1.3824191840791369,-92.54480457995302
train,IMG_5838_jpg.rf.294970e7ad5a1621586429bf292269c7,4,500,0.13261900031389506,0.17198488440326898,0.16088905553882493,0.1167831325318717,1.3776737449213063,-95.86761035773837
train,IMG_5838_jpg.rf.294970e7ad5a1621586429bf292269c7,4,500,0.127331274551718,0.16441513872691238,0.16059290423368885,0.12226564807029723,1.3134752628257054,-91.82985209189542
train,IMG_5838_jpg.rf.294970e7ad5a1621586429bf292269c7,4,500,0.12523982194549377,0.16746937163452824,0.16089352494650674,0.11592509590698681,1.387909353774446,-93.39134017865774
train,IMG_5838_jpg.rf.3ac212e1a28819e4dc484c3798ea1a4a,4,500,0.18059545504472152,0.1390356813836447,0.16818152363975034,0.12109886707702103,1.388795186108421,-173.62069550271468
train,IMG_5838_jpg.rf.3ac212e1a28819e4dc484c3798ea1a4a,4,500,0.16884439260024645,0.12758997693965418,0.1605102559196262,0.11572061295859737,1.3870498247106047,-175.63932167757008
train,IMG_5838_jpg.rf.3ac212e1a28819e4dc484c3798ea1a4a,4,500,0.16948003053478256,0.12594388320292152,0.16263442506129386,0.11614640388839799,1.4002536420978215,-176.46842883263685
train,IMG_5838_jpg.rf.3ac212e1a28819e4dc484c3798ea1a4a,4,500,0.1708737088923624,0.12789025144072963,0.16303865103297338,0.11666273508455188,1.3975212471644036,-175.94854582699583
train,IMG_5838_jpg.rf.3ac212e1a28819e4dc484c3798ea1a4a,4,500,0.20047589809613597,0.17588262205687033,0.16769843765153025,0.12753248509476137,1.3149468351292934,-160.6552738103915
train,IMG_5838_jpg.rf.3ac212e1a28819e4dc484c3798ea1a4a,4,500,0.18256099191325556,0.1425452491499929,0.16715606284353302,0.11991297412519698,1.3939781250777015,-171.79345426562858
train,IMG_5838_jpg.rf.3ac212e1a28819e4dc484c3798ea1a4a,4,500,0.17541217795139974,0.13397474933560666,0.16378452586665473,0.11705661505699504,1.3991906889406276,-173.83273244970533
train,IMG_5838_jpg.rf.3ac212e1a28819e4dc484c3798ea1a4a,4,500,0.16583528533223388,0.12167152751062901,0.162938414572375,0.11762471471880355,1.3852396153469912,-178.5638324835466
train,IMG_5838_jpg.rf.3ac212e1a28819e4dc484c3798ea1a4a,4,500,0.17490556327811757,0.13284606303369598,0.16400559156547248,0.11699828914054392,1.4017776906845292,-174.2480909759799
train,IMG_5838_jpg.rf.3ac212e1a28819e4dc484c3798ea1a4a,4,500,0.1648116054524688,0.12066807641957109,0.16188796995653615,0.116572645549158,1.3887303423020363,-178.53692575935182
train,IMG_5838_jpg.rf.3ac212e1a28819e4dc484c3798ea1a4a,4,500,0.1863776982310853,0.1556496858136862,0.16247188704458013,0.12069901527337107,1.3460912392416602,-166.34203542877268
train,IMG_5838_jpg.rf.3ac212e1a28819e4dc484c3798ea1a4a,4,500,0.16711196098744682,0.12382309156743737,0.16134116118366107,0.1156235963265238,1.3953999556286916,-177.0317653055796
train,IMG_5838_jpg.rf.3b04c7917c4e46f9286965c6f7d2cae0,4,500,0.17656037151662285,0.13309411958617043,0.16804090328196541,0.12094647327950768,1.389382416249727,-175.7402574240081
train,IMG_5838_jpg.rf.3b04c7917c4e46f9286965c6f7d2cae0,4,500,0.16393026648198683,0.12018100452191857,0.16073496424306802,0.11569923877468548,1.3892482435090676,-178.38584536430594
train,IMG_5838_jpg.rf.3b04c7917c4e46f9286965c6f7d2cae0,4,500,0.16555954064575454,0.12015015132470869,0.16274447434449618,0.11617256890170696,1.4008855608779167,-178.58707467212753
train,IMG_5838_jpg.rf.3b04c7917c4e46f9286965c6f7d2cae0,4,500,0.16699099996720534,0.12209487091938334,0.16314836667053442,0.11665737664669261,1.398525934323416,-178.06672982694377
train,IMG_5838_jpg.rf.3b04c7917c4e46f9286965c6f7d2cae0,4,500,0.1982591179484674,0.17053869501501961,0.16847186142934292,0.126558537287788,1.3311773748320594,-162.8826850706742
train,IMG_5838_jpg.rf.3b04c7917c4e46f9286965c6f7d2cae0,4,500,0.17881326745353127,0.13667713712725824,0.16707678889782934,0.11964864169217705,1.3963951996017792,-173.9180385096701
train,IMG_5838_jpg.rf.3b04c7917c4e46f9286965c6f7d2cae0,4,500,0.172157893765192,0.1286896620952349,0.16397056901891885,0.11689625544504513,1.4027016382573874,-175.7636001645545
train,IMG_5838_jpg.rf.3b04c7917c4e46f9286965c6f7d2cae0,4,500,0.18525610204612308,0.15049648706377702,0.16342812110833185,0.11741966913879222,1.391829173996026,-167.29121223353312
train,IMG_5838_jpg.rf.3b04c7917c4e46f9286965c6f7d2cae0,4,500,0.17264052903383692,0.12903431250017275,0.16419579153597225,0.11683335428877874,1.4053845542269296,-175.6191195000654
train,IMG_5838_jpg.rf.3b04c7917c4e46f9286965c6f7d2cae0,4,500,0.17415554176303105,0.13301780686149303,0.16263071773852222,0.11625445898442453,1.3989202578484414,-173.8463535923054
train,IMG_5838_jpg.rf.3b04c7917c4e46f9286965c6f7d2cae0,4,500,0.18401062238233135,0.15088594953595735,0.16287399064872526,0.12008017775758704,1.3563769948569582,-168.18458095931865
train,IMG_5838_jpg.rf.3b04c7917c4e46f9286965c6f7d2cae0,4,500,0.16304507830228332,0.1180610170160192,0.16134913808805823,0.11568361411509742,1.3947449629947304,-179.15123553810662
train,IMG_5838_jpg.rf.42670fc175b9649398557ea595a296e4,4,500,0.17456567412843943,0.1305876459447316,0.1684728402737714,0.1220274538875095,1.380614238080206,177.03176760054282
train,IMG_5838_jpg.rf.42670fc175b9649398557ea595a296e4,4,500,0.17417480395709042,0.1346818062151094,0.16143091268759094,0.11620119395698582,1.3892362650537635,173.12802708481627
train,IMG_5838_jpg.rf.42670fc175b9649398557ea595a296e4,4,500,0.16800120665470544,0.12501999259218438,0.16217169084630603,0.11677904282702548,1.388705429676425,177.03176606271975
train,IMG_5838_jpg.rf.42670fc175b9649398557ea595a296e4,4,500,0.165379147185517,0.12108621138395528,0.16284556328709834,0.11755049920007019,1.3853243022808117,178.74598496791103
train,IMG_5838_jpg.rf.42670fc175b9649398557ea595a296e4,4,500,0.17560709779954964,0.13592288107940081,0.1694653308627528,0.12764854195501352,1.327593157487663,177.1478281855162
train,IMG_5838_jpg.rf.42670fc175b9649398557ea595a296e4,4,500,0.1689567995197528,0.12280749237389588,0.1675576371361272,0.12086013668400043,1.3863763663797728,179.33127815306614
train,IMG_5838_jpg.rf.42670fc175b9649398557ea595a296e4,4,500,0.16571065774960597,0.12174450525828728,0.1629924753341735,0.1179591758791195,1.3817702109177379,178.65786702275525
train,IMG_5838_jpg.rf.42670fc175b9649398557ea595a296e4,4,500,0.16584425278843973,0.12215579508894031,0.1629886213223614,0.11818541309157556,1.3790925382311794,178.59158893098552
train,IMG_5838_jpg.rf.42670fc175b9649398557ea595a296e4,4,500,0.1690521877055136,0.12617849959135297,0.16316660938710695,0.11788752102113147,1.3840872042585335,177.031767236779
train,IMG_5838_jpg.rf.42670fc175b9649398557ea595a296e4,4,500,0.17304237199879768,0.13360000524662335,0.161224239255093,0.11662074457342887,1.382466214264136,173.70322204122715
train,IMG_5838_jpg.rf.42670fc175b9649398557ea595a296e4,4,500,0.1684762644918909,0.1324967447049643,0.16090564802595392,0.12235421756076058,1.3150805197707947,176.29476569182185
train,IMG_5838_jpg.rf.42670fc175b9649398557ea595a296e4,4,500,0.17328703431530346,0.134331651998518,0.16066994782805738,0.11612883471542337,1.3835491264661626,173.20166426017838
train,IMG_5838_jpg.rf.5d3321b2c5cf1a118bbd01abfd73f1be,4,500,0.16818434239161795,0.12207808861302138,0.16809428495404258,0.1219539286665915,1.3783425166531018,179.9576681105712
train,IMG_5838_jpg.rf.5d3321b2c5cf1a118bbd01abfd73f1be,4,500,0.16613558185537325,0.1233516977657323,0.1609880300082032,0.1161016661448231,1.3866125728754801,177.3754458693776
train,IMG_5838_jpg.rf.5d3321b2c5cf1a118bbd01abfd73f1be,4,500,0.16752399382433913,0.12437919974824019,0.16197483540622518,0.11653412652661656,1.3899347790557293,177.17365207494313
train,IMG_5838_jpg.rf.5d3321b2c5cf1a118bbd01abfd73f1be,4,500,0.16751744768485977,0.12358723579159103,0.16293990226061472,0.11713088134009011,1.3910925999738522,177.69577980614656
train,IMG_5838_jpg.rf.5d3321b2c5cf1a118bbd01abfd73f1be,4,500,0.1910391702365739,0.16514360719165538,0.16536402828975655,0.13045403942997055,1.2676037400783295,-166.6358215333151
train,IMG_5838_jpg.rf.5d3321b2c5cf1a118bbd01abfd73f1be,4,500,0.1684604498369643,0.12247724506332347,0.16720495335803562,0.12073239961789678,1.3849219752710853,-179.3998166104848
train,IMG_5838_jpg.rf.5d3321b2c5cf1a118bbd01abfd73f1be,4,500,0.1632730851448061,0.11833603791021385,0.16292007425127383,0.11784752895369528,1.382464916301202,179.8280140537246
train,IMG_5838_jpg.rf.5d3321b2c5cf1a118bbd01abfd73f1be,4,500,0.17274457534783638,0.13127509960984396,0.16324499396108957,0.11769818026619196,1.3869797612153962,175.07627084801564
train,IMG_5838_jpg.rf.5d3321b2c5cf1a118bbd01abfd73f1be,4,500,0.1680394751796478,0.12500421136616024,0.1629660428954452,0.11788468167718527,1.3824191623277269,177.45519762158636
train,IMG_5838_jpg.rf.5d3321b2c5cf1a118bbd01abfd73f1be,4,500,0.1705340942409319,0.12998118171569006,0.16116484693330585,0.11664950514641663,1.3816162077242784,175.10312293803537
train,IMG_5838_jpg.rf.5d3321b2c5cf1a118bbd01abfd73f1be,4,500,0.1644151387269123,0.127331274551718,0.16059290423368883,0.12226564807029729,1.3134752628257045,178.1701479081046
train,IMG_5838_jpg.rf.5d3321b2c5cf1a118bbd01abfd73f1be,4,500,0.16746936408314406,0.12523980982882832,0.16089352534879087,0.11592509522016575,1.3879093654675958,176.6086640899372
train,IMG_5838_jpg.rf.740cc0a32f299eb05cfae4cd82f213e5,4,500,0.12885119534168787,0.17326046360494227,0.16797334537367997,0.12142518488445135,1.38334848354173,92.57572770332757
train,IMG_5838_jpg.rf.740cc0a32f299eb05cfae4cd82f213e5,4,500,0.11794464460865595,0.16169560397521657,0.16032250299385606,0.11604004258900136,1.381613617307065,90.68363149137737
train,IMG_5838_jpg.rf.740cc0a32f299eb05cfae4cd82f213e5,4,500,0.11726326677947707,0.16300998002812142,0.16243632459850563,0.1164618099954719,1.394760433525988,-90.28319890291804
train,IMG_5838_jpg.rf.740cc0a32f299eb05cfae4cd82f213e5,4,500,0.11765675796291786,0.16332663177597612,0.1628406299124462,0.11697926827638981,1.3920469183282853,90.23873399169914
train,IMG_5838_jpg.rf.740cc0a32f299eb05cfae4cd82f213e5,4,500,0.16814737788330886,0.19570699597949726,0.16751676589601452,0.12783372856487893,1.3104269724167157,105.58833072881589
train,IMG_5838_jpg.rf.740cc0a32f299eb05cfae4cd82f213e5,4,500,0.13271465187427378,0.17569924172717893,0.16694827722782268,0.12023325477981119,1.3885366202018146,94.4100745532516
train,IMG_5838_jpg.rf.740cc0a32f299eb05cfae4cd82f213e5,4,500,0.12401694086054538,0.1682880917161463,0.16358814025139143,0.11737230211403674,1.393754210362614,92.36286768106775
train,IMG_5838_jpg.rf.740cc0a32f299eb05cfae4cd82f213e5,4,500,0.12461963003539678,0.1675072248735176,0.1627363832569916,0.11794447786966547,1.3797711109190158,-92.3868877170299
train,IMG_5838_jpg.rf.740cc0a32f299eb05cfae4cd82f213e5,4,500,0.12280883651800445,0.16769730984932207,0.1638083045140426,0.11731429251680107,1.3963200987687236,91.94588121313491
train,IMG_5838_jpg.rf.740cc0a32f299eb05cfae4cd82f213e5,4,500,0.12344805810168602,0.1663633376054216,0.16168742016988272,0.1168895513990223,1.3832495568225367,-92.35987762988958
train,IMG_5838_jpg.rf.740cc0a32f299eb05cfae4cd82f213e5,4,500,0.14706308784412125,0.18064414640698812,0.16228475501629033,0.12100728176184064,1.3411156143122822,99.88196272169806
train,IMG_5838_jpg.rf.740cc0a32f299eb05cfae4cd82f213e5,4,500,0.11831212086387022,0.16284312732994694,0.16114339933359867,0.11593779349965767,1.3899125942402422,-90.8487644618935
train,IMG_5838_jpg.rf.bb68f04c3433aaf1416cf4060e4bc63c,4,500,0.13156812452526767,0.1748112896492364,0.1678215390003952,0.1217354392808305,1.3785758690470493,93.43363135153926
train,IMG_5838_jpg.rf.bb68f04c3433aaf1416cf4060e4bc63c,4,500,0.11811771369971491,0.16217880748997074,0.160640091410159,0.11597687875692445,1.3851044547150129,90.76730758683327
train,IMG_5838_jpg.rf.bb68f04c3433aaf1416cf4060e4bc63c,4,500,0.11800591473675281,0.16294216375626902,0.16180126719186338,0.11641493921320813,1.3898668700546455,90.56539995209323
train,IMG_5838_jpg.rf.bb68f04c3433aaf1416cf4060e4bc63c,4,500,0.12006108257376824,0.1647949085584879,0.16260317536105567,0.1169953116916572,1.3898264213321527,91.08776706546585
train,IMG_5838_jpg.rf.bb68f04c3433aaf1416cf4060e4bc63c,4,500,0.17190002726678605,0.19587641384557208,0.16556078150778705,0.12980066451755792,1.2755002612902024,106.69924350349558
train,IMG_5838_jpg.rf.bb68f04c3433aaf1416cf4060e4bc63c,4,500,0.13084214804048877,0.1742293302827077,0.1669289284475928,0.12050695829546762,1.385222320841461,93.63294734271793
train,IMG_5838_jpg.rf.bb68f04c3433aaf1416cf4060e4bc63c,4,500,0.12660495209649303,0.16917201206436486,0.1628218342043819,0.11764636778140199,1.3839937201199461,93.21949157620305
train,IMG_5838_jpg.rf.bb68f04c3433aaf1416cf4060e4bc63c,4,500,0.1219595339047812,0.1659375323486416,0.16284594529646537,0.11764133658125664,1.384257864020316,-91.53434004397111
train,IMG_5838_jpg.rf.bb68f04c3433aaf1416cf4060e4bc63c,4,500,0.11780753906249997,0.162698412109375,0.162698412109375,0.11780753906249997,1.3810526338476459,90.0
train,IMG_5838_jpg.rf.bb68f04c3433aaf1416cf4060e4bc63c,4,500,0.12078843320149302,0.16405069381215115,0.1610392595889942,0.11659236290753283,1.3812161926653066,-91.50744013030422
train,IMG_5838_jpg.rf.bb68f04c3433aaf1416cf4060e4bc63c,4,500,0.12643409923813365,0.16357387568540704,0.16030445081546,0.12210917647003901,1.3127961014035066,91.56222324005726
train,IMG_5838_jpg.rf.bb68f04c3433aaf1416cf4060e4bc63c,4,500,0.11582341210937497,0.160714287109375,0.160714287109375,0.11582341210937497,1.3875803188875875,90.0
train,IMG_5838_jpg.rf.e62a2dbfcce1466efb086d11580791be,4,500,0.18140804199304164,0.14027991827807168,0.1682337425274157,0.12120251282081987,1.3880384045842729,-173.19607477006375
train,IMG_5838_jpg.rf.e62a2dbfcce1466efb086d11580791be,4,500,0.17039658574873814,0.129912831963672,0.16054259912710842,0.11581181340212791,1.3862368130759157,-174.78954231899485
train,IMG_5838_jpg.rf.e62a2dbfcce1466efb086d11580791be,4,500,0.17025070506917675,0.12714202277864228,0.16262364019929648,0.11620287038501101,1.399480405780693,-176.04527822263236
train,IMG_5838_jpg.rf.e62a2dbfcce1466efb086d11580791be,4,500,0.1716380901190014,0.12909085096560494,0.1630280552853726,0.11672734341673813,1.396656948692239,-175.52528511133974
train,IMG_5838_jpg.rf.e62a2dbfcce1466efb086d11580791be,4,500,0.2009278423075752,0.17703550788143407,0.16752445311289213,0.127842828337286,1.310393827261977,-160.19811319740555
train,IMG_5838_jpg.rf.e62a2dbfcce1466efb086d11580791be,4,500,0.18331795166230636,0.1437807390739643,0.1671927086021325,0.12004381733497185,1.3927640116241535,-171.36677476811062
train,IMG_5838_jpg.rf.e62a2dbfcce1466efb086d11580791be,4,500,0.17612374761093602,0.1351774668897629,0.16375781726486327,0.11715359072440368,1.3978045081869752,-173.4082848287797
train,IMG_5838_jpg.rf.e62a2dbfcce1466efb086d11580791be,4,500,0.16666995262679768,0.12287523239663184,0.16293801644421566,0.11764984081063844,1.3849403902421775,-178.14042115794126
train,IMG_5838_jpg.rf.e62a2dbfcce1466efb086d11580791be,4,500,0.17562953423054706,0.13405136309533774,0.1639844574507363,0.11708892238569403,1.40051214162316,-173.82396763300537
train,IMG_5838_jpg.rf.e62a2dbfcce1466efb086d11580791be,4,500,0.1656256918114595,0.12186354851100084,0.16187512199863827,0.1165979543873382,1.388318713215923,-178.11353201216028
train,IMG_5838_jpg.rf.e62a2dbfcce1466efb086d11580791be,4,500,0.18693522628213044,0.1568182655640764,0.1623767534625168,0.12091308425347395,1.3429212765933687,-165.90419125101917
train,IMG_5838_jpg.rf.e62a2dbfcce1466efb086d11580791be,4,500,0.16791570523279653,0.12501384092056425,0.161355679437979,0.11567133150640062,1.39494961574857,-176.6086598213424
train,IMG_5838_jpg.rf.f927608e1faf63f8460ca26c82814e95,4,500,0.18514686715453277,0.1460738753559887,0.16836212758441055,0.12145511003504272,1.386208678546617,-171.08689967589152
train,IMG_5838_jpg.rf.f927608e1faf63f8460ca26c82814e95,4,500,0.17312182949540567,0.13369193683556113,0.16079718484533864,0.11586796842908687,1.3877621833315323,-173.3568286739725
train,IMG_5838_jpg.rf.f927608e1faf63f8460ca26c82814e95,4,500,0.17730935925333402,0.1372309050007966,0.16310522694542043,0.11627616906859961,1.4027399444953592,-172.24139227030466
train,IMG_5838_jpg.rf.f927608e1faf63f8460ca26c82814e95,4,500,0.1781689143082481,0.13848976369542987,0.163442268514548,0.11677763484275443,1.3996024901054838,-171.95991351119963
train,IMG_5838_jpg.rf.f927608e1faf63f8460ca26c82814e95,4,500,0.2025243485479492,0.17964245965001696,0.16777423506756714,0.12791330193654774,1.3116246123549582,-158.94814524381218
train,IMG_5838_jpg.rf.f927608e1faf63f8460ca26c82814e95,4,500,0.1837432181917189,0.1437369034945838,0.16765906750468526,0.11996765177216963,1.3975356275463848,-171.38171716862257
train,IMG_5838_jpg.rf.f927608e1faf63f8460ca26c82814e95,4,500,0.17907790140658308,0.1393992263238707,0.16402818666437466,0.11718122287988889,1.399782171863013,-171.7917881824736
train,IMG_5838_jpg.rf.f927608e1faf63f8460ca26c82814e95,4,500,0.16666432646777474,0.12312175966172512,0.1630355064011115,0.11805754670283392,1.3809833505306774,-178.19949692980796
train,IMG_5838_jpg.rf.f927608e1faf63f8460ca26c82814e95,4,500,0.17852635400258965,0.13818262777335533,0.1642550549559024,0.11714189051214774,1.4021888688817854,-172.26529054024317
train,IMG_5838_jpg.rf.f927608e1faf63f8460ca26c82814e95,4,500,0.16639425961089782,0.12320061690496231,0.1618787068516562,0.11686075082843153,1.3852273385554192,-177.7227869372539
train,IMG_5838_jpg.rf.f927608e1faf63f8460ca26c82814e95,4,500,0.18924851612302973,0.1604708726466919,0.16256698171780748,0.12097540935221787,1.3438018733583819,-164.29159838591585
train,IMG_5838_jpg.rf.f927608e1faf63f8460ca26c82814e95,4,500,0.16919325557939247,0.12687365261124706,0.16151433557613698,0.11590839154688913,1.393465420584312,-176.0071365144066
train,IMG_5839_jpg.rf.1d4b82e07584858f6731e4dd52b6eb95,4,500,0.33085911779361704,0.4361473428889425,0.4341971607705632,0.32827531097145835,1.3226616387496595,90.34172641822883
train,IMG_5839_jpg.rf.2a62c8cc2685740bfeda0d284ecb2c97,4,500,0.38968102210212396,0.47872711403993373,0.434171426594668,0.3278346901953593,1.3243608427648148,-98.69174540099897
train,IMG_5839_jpg.rf.89dd21a06c07653d42e9e5fad36cf99c,4,500,0.4585814843389724,0.36094115143827304,0.4343720829546128,0.3281469620701988,1.3237120350414515,175.5386300753043
train,IMG_5839_jpg.rf.a00c20ca995920c9cb48a50b6364591f,4,500,0.38458196829219193,0.48054234889906067,0.4379869414301013,0.3242479273324508,1.3507779218000495,98.37476737037726
train,IMG_5839_jpg.rf.beb60c138e14aed40a0b1a8d5c0e523c,4,500,0.35613230830132636,0.4546909120389871,0.43430371841666743,0.32867795012189,1.3213655441614085,-93.715685262585
train,IMG_5839_jpg.rf.d163ceb06a662c7b4f53bb406c137841,4,500,0.3710843949009987,0.4698167520530402,0.436859640744951,0.32524842303492346,1.3431568296890506,96.28011581996101
train,IMG_5839_jpg.rf.e7e6fada6ce58b2b15843ae6194ef295,4,500,0.3431929663582975,0.4458601090244321,0.43521939390070125,0.32898106471429006,1.3229314406854265,91.8950002940373
train,IMG_5839_jpg.rf.f08a165979a69b8b1db0f6fef4a31163,4,500,0.4446184303202292,0.34234762232379495,0.4338850286292555,0.3280120550224486,1.3227715932561108,178.08232981649948
train,IMG_5839_jpg.rf.f20e71130b9a2aaec467daa11115486f,4,500,0.3361926703433916,0.44040620210125736,0.4344545715089836,0.3282744367450048,1.3234492938798545,91.05160584419602
train,IMG_5840_jpg.rf.0396b3a90abce3541f269c603aa7595f,4,500,0.4473323286271902,0.5301972392592849,0.4609007313404279,0.3481524190817169,1.3238475623868844,103.68843937441152
train,IMG_5840_jpg.rf.0917d52a07923ceeb9ea4fecd4d86fd5,4,500,0.4760890511272142,0.372042377512223,0.45920644168367625,0.3495468059597816,1.3137194614689511,177.13759319861148
train,IMG_5840_jpg.rf.33860567ac8e4aaaa668010ad17ddbe3,4,500,0.4684465962554555,0.5422862630110662,0.4595257988074334,0.3467061725899168,1.3254041466142552,-107.43229118435539
train,IMG_5840_jpg.rf.62c784ee5eff8c4a1aad357b37104867,4,500,0.5388495641553307,0.46242726602919904,0.45954069468886966,0.34646277186372754,1.3263782778647817,163.54763698486312
train,IMG_5840_jpg.rf.756d3596e4b809fbda6d70d3d30a30f8,4,500,0.46795122651469906,0.5463591400337937,0.4635590549184596,0.34148310536341825,1.3574875232117967,-107.98870256564288
train,IMG_5840_jpg.rf.87cae73f47a4f42c33a2fb1245af7124,4,500,0.4726617270949014,0.5416399554923411,0.45711306203264807,0.3514957135141875,1.3004797625055462,-107.49614152474939
train,IMG_5840_jpg.rf.b3210e35389bc0a7a979603d9f3f31ad,4,500,0.4811146813425732,0.5457198155163233,0.45614454259185305,0.3522145612201536,1.2950757657822598,-108.92463980772212
train,IMG_5840_jpg.rf.ce202c8a3a2d688456bb88aaf8ea2a45,4,500,0.4569727211596971,0.5374087691048011,0.46206264664508356,0.3471543747262878,1.3310005008849295,105.3318103432914
train,IMG_5840_jpg.rf.e3197bdbe400e9956423f4689a994a48,4,500,0.3846824917717416,0.4857403489142845,0.45944580057035067,0.34928935867791056,1.3153730257039362,-94.55619595297946
train,IMG_5842_jpg.rf.169e98f7fc5e9f14386f317948a979f5,4,500,0.4779644174336749,0.6077992454358704,0.5752228679817474,0.433724121022243,1.326241359659699,94.54737510946269
train,IMG_5842_jpg.rf.1730d6b2403efb26f3617feb23c797ac,4,500,0.6215781881336908,0.49305950714884006,0.577529049299715,0.4321246963388657,1.3364870237521103,173.68153640671665
train,IMG_5842_jpg.rf.26bc31e9b417aa8a1bdf579c1f28681f,4,500,0.447831712809433,0.5867677298509665,0.575119623018566,0.43220652205100896,1.3306592882711994,91.57307074360385
train,IMG_5842_jpg.rf.650ee992d32b86e8fc6935e8bff10a4a,4,500,0.6156440960855946,0.48483086309969015,0.5765122368715467,0.4308594772264658,1.3380516556875546,-174.42478229428326
train,IMG_5842_jpg.rf.b709310a6df947ce9fe23a3503ae9e51,4,500,0.5896412237481831,0.4520629222919343,0.5749202371680162,0.43228251371417536,1.3299641297731342,-178.00211813275465
train,IMG_5842_jpg.rf.c239ceacc3bed2097ee85c9bd3abeed0,4,500,0.4763753344117268,0.6088907076645649,0.5762236798614663,0.4316911172905336,1.3348055050983605,94.58537665100427
train,IMG_5842_jpg.rf.d4cc8d71e6d8d812f645bea631e309d6,4,500,0.6702202526339346,0.5679087976435757,0.576759517345998,0.43042548466572056,1.3399752986139382,164.62910240736332
train,IMG_5842_jpg.rf.ee345d47abda0089af4159299922842b,4,500,0.6561985591688766,0.5343637231540057,0.5818333152286506,0.4246424818735424,1.3701721802811033,-168.23412289028732
train,IMG_5842_jpg.rf.f81121c9bd546257dc0f3df97acc134e,4,500,0.6563664784175033,0.5429456536652326,0.5781756891021236,0.4297980043715766,1.3452265557805356,-167.71882795534586
train,IMG_5845_jpg.rf.2956876cd8a4f0bb9c07ba6d8d4e2c82,4,500,0.3896681403473852,0.5183817435888264,0.5172213587015294,0.38812042402129326,1.3326311286137142,-90.17164320461727
train,IMG_5845_jpg.rf.636d45b00e5d491020df14ce79867cbf,4,500,0.5365070372949206,0.41162062710785907,0.5187881989501592,0.38755995948031063,1.3386011280572325,177.2939674574655
train,IMG_5845_jpg.rf.66366eeea2c5d1ca10ebc6b6bfe97a88,4,500,0.5288052080382264,0.40275528194458127,0.5178128554439893,0.38795704582425716,1.3347169770917273,178.34443153805438
train,IMG_5845_jpg.rf.6b5fe1f104c70b58bb04d15a548fd343,4,500,0.5427585632275851,0.4182599049793181,0.5197978910675238,0.3868063946924839,1.343819280652715,176.44883252104435
train,IMG_5845_jpg.rf.7b2ebb330ba9ca7dc3f30980b138dc6c,4,500,0.39871907775232884,0.5261742417855968,0.5187449169059664,0.38874852631967877,1.3343971276675346,91.1093727668451
train,IMG_5845_jpg.rf.936751e72576300fc3955cae69f1542e,4,500,0.39424617298948617,0.5225582668896083,0.5179427710142026,0.38806415229549324,1.3346833711654271,90.68696851508125
train,IMG_5845_jpg.rf.99f4ddbae057a3360977e41d826829db,4,500,0.5171957656249999,0.388144841796875,0.5171957656249999,0.388144841796875,1.3324813572961514,-180.0
train,IMG_5845_jpg.rf.ad96445d12bb21ee61ef422e062ab14b,4,500,0.4060504391021763,0.5334862574741135,0.5194813618332723,0.3870395165994855,1.3421920490119867,-92.12668557184784
train,IMG_5845_jpg.rf.e40217df27f07e68311e03ca94c50640,4,500,0.5388837795083938,0.41662028033589926,0.5183735388307258,0.3888229462553193,1.33318659256889,-176.86153515709773
train,IMG_5847_jpg.rf.067eaa9ec30bee8fcbcafebb921f9c59,1,1000,0.26130693741621985,0.20832442008942476,0.2598144359535922,0.20644288392573604,1.258529386011947,179.58386839843917
train,IMG_5847_jpg.rf.067eaa9ec30bee8fcbcafebb921f9c59,1,1000,0.28014936236612137,0.23126035641780207,0.2596859128113724,0.2045588206076733,1.2694926185042308,173.83588544739064
train,IMG_5847_jpg.rf.067eaa9ec30bee8fcbcafebb921f9c59,1,1000,0.276295633498998,0.22736529876732658,0.25851325061356173,0.20434361784446747,1.2650908961116882,174.69608682101565
train,IMG_5847_jpg.rf.067eaa9ec30bee8fcbcafebb921f9c59,1,1000,0.2773460762016777,0.22804872393354314,0.2595131096193007,0.20493716086800592,1.2663057715845178,174.69608732245226
train,IMG_5847_jpg.rf.067eaa9ec30bee8fcbcafebb921f9c59,1,1000,0.2720646452855868,0.22159379470365592,0.266101143765981,0.21413628132002427,1.242671919609437,178.37553156003008
train,IMG_5847_jpg.rf.067eaa9ec30bee8fcbcafebb921f9c59,1,1000,0.26949671529770935,0.22120133485517868,0.26828293877444304,0.2197176139114526,1.221035191482475,-179.68240700207906
train,IMG_5847_jpg.rf.067eaa9ec30bee8fcbcafebb921f9c59,1,1000,0.23828125,0.18359375000000006,0.23828125,0.18359375,1.297872340425532,180.0
train,IMG_5847_jpg.rf.067eaa9ec30bee8fcbcafebb921f9c59,1,1000,0.25,0.2031249999999999,0.25,0.2031249999999999,1.2307692307692315,180.0
train,IMG_5847_jpg.rf.067eaa9ec30bee8fcbcafebb921f9c59,1,1000,0.2656250000000001,0.19921875,0.265625,0.19921875,1.3333333333333333,180.0
train,IMG_5847_jpg.rf.19d863535565443d734eae6731836119,1,1000,0.22388641860252373,0.2756476066568807,0.2611897253452932,0.20512803977917157,1.2733009374363167,-94.2420735913082
train,IMG_5847_jpg.rf.19d863535565443d734eae6731836119,1,1000,0.20478593812312265,0.26025060769077935,0.2599012553103005,0.20434141295938005,1.2718971232814413,-90.09806253548444
train,IMG_5847_jpg.rf.19d863535565443d734eae6731836119,1,1000,0.20435434570134703,0.259153787156893,0.2589554520440815,0.20410264898763866,1.268751058981919,-90.05571108742825
train,IMG_5847_jpg.rf.19d863535565443d734eae6731836119,1,1000,0.20824142689705172,0.26213818737161987,0.25960101522798695,0.20501916480422205,1.266228040075602,90.71471499050242
train,IMG_5847_jpg.rf.19d863535565443d734eae6731836119,1,1000,0.22784385791022857,0.2766487945500363,0.2658185993826576,0.214249041235889,1.2406991314840488,92.99471935195194
train,IMG_5847_jpg.rf.19d863535565443d734eae6731836119,1,1000,0.26507603635609756,0.2996472043955155,0.2647214159175154,0.2219583314210941,1.1926626688109858,-100.13465056332772
train,IMG_5847_jpg.rf.19d863535565443d734eae6731836119,1,1000,0.177734375,0.2402343749999999,0.2402343749999999,0.177734375,1.351648351648351,90.0
train,IMG_5847_jpg.rf.19d863535565443d734eae6731836119,1,1000,0.1992187500000001,0.251953125,0.251953125,0.19921875,1.2647058823529411,90.0
train,IMG_5847_jpg.rf.19d863535565443d734eae6731836119,1,1000,0.193359375,0.26953125000000006,0.26953125000000006,0.193359375,1.3939393939393943,90.0
train,IMG_5847_jpg.rf.2e4ff547ee03c7d28f116735ec193495,1,1000,0.23759053246858153,0.2888387462384425,0.26325346172830755,0.20309638052164564,1.2961996715655426,-97.95881592412967
train,IMG_5847_jpg.rf.2e4ff547ee03c7d28f116735ec193495,1,1000,0.2698662324551895,0.31023207911228057,0.2625891040244047,0.20162531870817688,1.302361755491948,-107.08278027846093
train,IMG_5847_jpg.rf.2e4ff547ee03c7d28f116735ec193495,1,1000,0.25556296431939296,0.3008816744010727,0.2621392647291279,0.20158716761238565,1.3003767443827208,-103.0474697228762
train,IMG_5847_jpg.rf.2e4ff547ee03c7d28f116735ec193495,1,1000,0.2696518401017338,0.3106129948764138,0.2633468529902382,0.20190947951456506,1.3042817683616545,-106.87232151677223
train,IMG_5847_jpg.rf.2e4ff547ee03c7d28f116735ec193495,1,1000,0.2182174706413208,0.2688100545949432,0.2657365285278925,0.21439590841567285,1.2394664174872214,90.82883727349056
train,IMG_5847_jpg.rf.2e4ff547ee03c7d28f116735ec193495,1,1000,0.2829803563323692,0.31592673266274673,0.26648192778293717,0.21876096370468762,1.218142045409297,-105.77871599517228
train,IMG_5847_jpg.rf.2e4ff547ee03c7d28f116735ec193495,1,1000,0.18164062500000006,0.23828125,0.23828125,0.181640625,1.3118279569892473,90.0
train,IMG_5847_jpg.rf.2e4ff547ee03c7d28f116735ec193495,1,1000,0.203125,0.25195312500000006,0.251953125,0.203125,1.2403846153846154,90.0
train,IMG_5847_jpg.rf.2e4ff547ee03c7d28f116735ec193495,1,1000,0.1972656250000001,0.267578125,0.267578125,0.197265625,1.3564356435643565,90.0
train,IMG_5847_jpg.rf.5056ada2c44a9be28cff7bea4d2f22c1,1,1000,0.23542458293646307,0.28389231623266387,0.2609313102071524,0.2053122746779036,1.27089970931599,-96.9616012678385
train,IMG_5847_jpg.rf.5056ada2c44a9be28cff7bea4d2f22c1,1,1000,0.21782938130432003,0.2701484243532322,0.259592264887763,0.20423167350590823,1.2710676088165787,-93.0672526932079
train,IMG_5847_jpg.rf.5056ada2c44a9be28cff7bea4d2f22c1,1,1000,0.21734495823980043,0.26887461559635745,0.25847019092587087,0.20398968389058317,1.2670748147465642,-93.02490853509622
train,IMG_5847_jpg.rf.5056ada2c44a9be28cff7bea4d2f22c1,1,1000,0.22065970141344737,0.27190402958146415,0.25952721508996673,0.2047229562938648,1.2676996258174116,-93.61044480185902
train,IMG_5847_jpg.rf.5056ada2c44a9be28cff7bea4d2f22c1,1,1000,0.21397621031676128,0.2659492559292159,0.26587008047338095,0.2138777798265259,1.243093512047046,90.02121521850214
train,IMG_5847_jpg.rf.5056ada2c44a9be28cff7bea4d2f22c1,1,1000,0.27687472574003275,0.30769996478835226,0.2639851937931791,0.22269054642125957,1.1854351162882468,-103.14074936406817
train,IMG_5847_jpg.rf.5056ada2c44a9be28cff7bea4d2f22c1,1,1000,0.1796875,0.2324218749999999,0.2324218749999999,0.1796875,1.2934782608695645,90.0
train,IMG_5847_jpg.rf.5056ada2c44a9be28cff7bea4d2f22c1,1,1000,0.1992187499999999,0.244140625,0.244140625,0.1992187499999999,1.2254901960784321,90.0
train,IMG_5847_jpg.rf.5056ada2c44a9be28cff7bea4d2f22c1,1,1000,0.1953125,0.26171875000000006,0.26171875000000006,0.1953125,1.3400000000000003,90.0
train,IMG_5847_jpg.rf.68e19529fc4454f1865d6e22925a2069,1,1000,0.2165704866429441,0.2679673921363478,0.260233530016965,0.20674704557953774,1.2587049516838218,-92.1968264517443
train,IMG_5847_jpg.rf.68e19529fc4454f1865d6e22925a2069,1,1000,0.2276593284699841,0.2770515631306345,0.2595781122540209,0.2050309907264892,1.2660433007432395,-95.18708908747003
train,IMG_5847_jpg.rf.68e19529fc4454f1865d6e22925a2069,1,1000,0.2331928600295996,0.2803955576317969,0.2586417524260812,0.20494085127906514,1.262031219309674,-96.5711973000883
train,IMG_5847_jpg.rf.68e19529fc4454f1865d6e22925a2069,1,1000,0.2327480572754419,0.2807029930162591,0.25977001876217426,0.20555740577255352,1.2637346622753465,-96.28209216971234
train,IMG_5847_jpg.rf.68e19529fc4454f1865d6e22925a2069,1,1000,0.24506892256198148,0.28988611620281207,0.2661692705135566,0.21487096496882,1.2387400529065458,-96.84654770191915
train,IMG_5847_jpg.rf.68e19529fc4454f1865d6e22925a2069,1,1000,0.28636679275566024,0.3134735080194977,0.2634174542937518,0.2246831868015996,1.1723950422972924,-105.34066818768194
train,IMG_5847_jpg.rf.68e19529fc4454f1865d6e22925a2069,1,1000,0.1875,0.2441406249999999,0.2441406249999999,0.1875,1.3020833333333328,90.0
train,IMG_5847_jpg.rf.68e19529fc4454f1865d6e22925a2069,1,1000,0.2089843749999999,0.2578125,0.2578125,0.2089843749999999,1.2336448598130847,90.0
train,IMG_5847_jpg.rf.68e19529fc4454f1865d6e22925a2069,1,1000,0.205078125,0.27343750000000006,0.27343750000000006,0.205078125,1.3333333333333337,90.0
train,IMG_5847_jpg.rf.7e8f0bb85fe9eb0607540f4d21fb7fde,1,1000,0.23014015761345552,0.27842888735805743,0.2600511683997109,0.20644647726407722,1.25965418178129,95.43276883212985
train,IMG_5847_jpg.rf.7e8f0bb85fe9eb0607540f4d21fb7fde,1,1000,0.20575402348912752,0.26057838420486346,0.25976551192829356,0.2047216031355969,1.2688720093513455,-90.22807653849772
train,IMG_5847_jpg.rf.7e8f0bb85fe9eb0607540f4d21fb7fde,1,1000,0.20543693496830584,0.25935661998101756,0.2586122250280448,0.2044947275382396,1.2646400625643783,90.20904895975733
train,IMG_5847_jpg.rf.7e8f0bb85fe9eb0607540f4d21fb7fde,1,1000,0.20667837146789392,0.26092013433695693,0.2596333434651255,0.2050465600630003,1.2662165285062743,90.3610080560239
train,IMG_5847_jpg.rf.7e8f0bb85fe9eb0607540f4d21fb7fde,1,1000,0.2318217545260971,0.28024755562634235,0.2663293863759051,0.21425152232249467,1.2430688169161386,93.88902922063413
train,IMG_5847_jpg.rf.7e8f0bb85fe9eb0607540f4d21fb7fde,1,1000,0.2533148262556906,0.2959202275054471,0.2690320796616154,0.21934434065714958,1.226528475070762,97.67625956230741
train,IMG_5847_jpg.rf.7e8f0bb85fe9eb0607540f4d21fb7fde,1,1000,0.18554687500000006,0.23828125,0.23828125,0.185546875,1.2842105263157895,90.0
train,IMG_5847_jpg.rf.7e8f0bb85fe9eb0607540f4d21fb7fde,1,1000,0.20703125,0.25195312500000006,0.251953125,0.20703125,1.2169811320754718,90.0
train,IMG_5847_jpg.rf.7e8f0bb85fe9eb0607540f4d21fb7fde,1,1000,0.203125,0.267578125,0.267578125,0.203125,1.3173076923076923,90.0
train,IMG_5847_jpg.rf.b3228aefbef4f4f24ee1dbb436ae9111,1,1000,0.2681447741381474,0.21723539013824555,0.25952068919595134,0.20627406262231887,1.258135346231704,-177.53718582354136
train,IMG_5847_jpg.rf.b3228aefbef4f4f24ee1dbb436ae9111,1,1000,0.27181280399205343,0.22032648909572983,0.25942981222477063,0.2043570869974087,1.2694926123509496,176.38069064771727
train,IMG_5847_jpg.rf.b3228aefbef4f4f24ee1dbb436ae9111,1,1000,0.26778569867732965,0.21633721157307506,0.2582583075261595,0.20414209645154732,1.2650908950935387,177.24088953156303
train,IMG_5847_jpg.rf.b3228aefbef4f4f24ee1dbb436ae9111,1,1000,0.2688119558412298,0.21697756249388078,0.2592571803835236,0.20473505320157118,1.2663057758276148,177.2408897929416
train,IMG_5847_jpg.rf.b3228aefbef4f4f24ee1dbb436ae9111,1,1000,0.26924052309530433,0.21816745101093016,0.2658387166925994,0.21392510230514689,1.242671915675431,-179.07966599351604
train,IMG_5847_jpg.rf.b3228aefbef4f4f24ee1dbb436ae9111,1,1000,0.2786453066880089,0.23261125055323606,0.2680183605835555,0.21950092896829657,1.2210351994558826,-177.13759786818176
train,IMG_5847_jpg.rf.b3228aefbef4f4f24ee1dbb436ae9111,1,1000,0.23046875,0.17382812500000006,0.23046875,0.173828125,1.3258426966292134,180.0
train,IMG_5847_jpg.rf.b3228aefbef4f4f24ee1dbb436ae9111,1,1000,0.244140625,0.1933593749999999,0.244140625,0.1933593749999999,1.2626262626262634,180.0
train,IMG_5847_jpg.rf.b3228aefbef4f4f24ee1dbb436ae9111,1,1000,0.2597656250000001,0.1875,0.259765625,0.1875,1.3854166666666667,180.0
train,IMG_5847_jpg.rf.b91c478f3ddc9bce07ea30759f8eb839,1,1000,0.23902348224227363,0.2889258976585236,0.2625944412742043,0.2037063597561044,1.28908317633581,-98.18665005673552
train,IMG_5847_jpg.rf.b91c478f3ddc9bce07ea30759f8eb839,1,1000,0.22625344255825125,0.27838922517014797,0.2609021517660903,0.20325563001012473,1.2836158671378206,-95.24465935382635
train,IMG_5847_jpg.rf.b91c478f3ddc9bce07ea30759f8eb839,1,1000,0.2635268219979111,0.30479706785865907,0.2611211769443005,0.2026605315748316,1.2884658641482074,-105.05413895691528
train,IMG_5847_jpg.rf.b91c478f3ddc9bce07ea30759f8eb839,1,1000,0.21986237589214747,0.27290090741905365,0.260842423978504,0.2042164689481915,1.2772839787210215,-93.5237564470055
train,IMG_5847_jpg.rf.b91c478f3ddc9bce07ea30759f8eb839,1,1000,0.21949451240080603,0.27091017751527063,0.26630158624873834,0.2137239531924588,1.246007208227771,-91.25264633404713
train,IMG_5847_jpg.rf.b91c478f3ddc9bce07ea30759f8eb839,1,1000,0.28673504548245227,0.3171459006545926,0.2653757901051443,0.22021520453558602,1.205074784299285,-106.56501264280935
train,IMG_5847_jpg.rf.b91c478f3ddc9bce07ea30759f8eb839,1,1000,0.18359375,0.2343749999999999,0.2343749999999999,0.18359375,1.2765957446808505,90.0
train,IMG_5847_jpg.rf.b91c478f3ddc9bce07ea30759f8eb839,1,1000,0.2050781249999999,0.24609375,0.24609375,0.2050781249999999,1.2000000000000006,90.0
train,IMG_5847_jpg.rf.b91c478f3ddc9bce07ea30759f8eb839,1,1000,0.201171875,0.26171875000000006,0.26171875000000006,0.201171875,1.300970873786408,90.0
train,IMG_5847_jpg.rf.fb34a03fcfe4d68e26bc96bf51aa3a1d,1,1000,0.2826430956626779,0.23408428243081125,0.2605185865040678,0.20512946835082244,1.2700202881553624,-173.30955971094303
train,IMG_5847_jpg.rf.fb34a03fcfe4d68e26bc96bf51aa3a1d,1,1000,0.2603903594206172,0.20575634877920157,0.25922967093096994,0.2042814276236911,1.2689830590400004,-179.67327227752904
train,IMG_5847_jpg.rf.fb34a03fcfe4d68e26bc96bf51aa3a1d,1,1000,0.28350708832632204,0.2362347034137725,0.25898318395822245,0.2040277584656302,1.2693526895843923,-172.46305596140243
train,IMG_5847_jpg.rf.fb34a03fcfe4d68e26bc96bf51aa3a1d,1,1000,0.28324794522424906,0.23559580309990702,0.25954232290861345,0.20451657938298332,1.2690527276157275,-172.75980070956138
train,IMG_5847_jpg.rf.fb34a03fcfe4d68e26bc96bf51aa3a1d,1,1000,0.27112226403298434,0.2207599167700124,0.2661762148113742,0.2145933506635385,1.240374941666821,178.6598581690269
train,IMG_5847_jpg.rf.fb34a03fcfe4d68e26bc96bf51aa3a1d,1,1000,0.3306100181945262,0.29621549639944245,0.27321567970662725,0.215465971011476,1.2680224094043855,-159.90645808870988
train,IMG_5847_jpg.rf.fb34a03fcfe4d68e26bc96bf51aa3a1d,1,1000,0.2421875,0.17968750000000006,0.2421875,0.1796875,1.3478260869565217,180.0
train,IMG_5847_jpg.rf.fb34a03fcfe4d68e26bc96bf51aa3a1d,1,1000,0.255859375,0.1992187500000001,0.255859375,0.19921875,1.2843137254901962,180.0
train,IMG_5847_jpg.rf.fb34a03fcfe4d68e26bc96bf51aa3a1d,1,1000,0.2695312500000001,0.1953125,0.26953125,0.1953125,1.38,180.0
train,IMG_5850_jpg.rf.0c2388478e923d040ab4b4d833530c64,1,1000,0.44311245319818027,0.5488593026975015,0.5165508889082725,0.40046806743052293,1.2898678594339827,94.89830548370263
train,IMG_5850_jpg.rf.0dbce9d4a677368a25dfa7eb31879269,1,1000,0.40813987621845693,0.5224065525818221,0.5152763178260336,0.39888547610818526,1.291790121950394,-91.03634816454925
train,IMG_5850_jpg.rf.14dbe6c88176a2632cdbede127b2be4a,1,1000,0.5438003949214778,0.4340475525962505,0.5169402167264328,0.3985269884589112,1.2971272503411149,-175.94931389065587
train,IMG_5850_jpg.rf.314cb7181417afc444dd532c8c121769,1,1000,0.5069702625932084,0.5971152914536412,0.5184538793643648,0.3960581981838652,1.3090345856789434,103.61489854555138
train,IMG_5850_jpg.rf.3e064edd14e9626536fc3321e866b7b2,1,1000,0.5405720897364491,0.4307243662832899,0.5163662386750651,0.3988456685782058,1.2946517396460477,-176.37161794223732
train,IMG_5850_jpg.rf.435d971ff0b13224ec30717d1bc3a410,1,1000,0.5202408931528515,0.4046901432171992,0.5156755147708882,0.3987684970887342,1.2931701439197185,-179.33909430491235
train,IMG_5850_jpg.rf.5037688816e60824c05a084d0c6ead72,1,1000,0.5198824444980413,0.40478971950818177,0.5153147008397723,0.39887073170595244,1.2919341026497335,-179.33892484911397
train,IMG_5850_jpg.rf.777ed6e6fcf3a777dfd7a0c1e87f3ee0,1,1000,0.4010189687919643,0.5168841194997167,0.5152406580235518,0.39889387801095705,1.2916735162563684,90.23669346876304
train,IMG_5850_jpg.rf.aae14f1506e2b8c2077bfa13b2f88767,1,1000,0.43224422800699513,0.5405098344824645,0.515611826045694,0.39955087961217634,1.290478515642794,-93.72961206801543
train,IMG_5851_jpg.rf.14c1c0d737047065d574d5ac85770b39,1,1000,0.47870261390896185,0.5767771711974217,0.5156266573603707,0.3944350509041519,1.307253643352473,-100.09428899357056
train,IMG_5851_jpg.rf.1a936e4a912b7f7856ddf13873a38c95,1,1000,0.5727952094895915,0.47124338339985467,0.5168200215600051,0.39429288374489035,1.3107515830653196,-170.87775395601597
train,IMG_5851_jpg.rf.1e95229cbd88992820ce8413328cfeaf,1,1000,0.4700283883837985,0.5699865603964882,0.5149545518312297,0.39492179474132616,1.3039405742813588,98.92466776510973
train,IMG_5851_jpg.rf.298aac8c3b25977a63abe1b85f1c5f13,1,1000,0.4107445606803237,0.5238574269509355,0.5127853897938189,0.3963102210077833,1.2938989776489973,91.6309723888765
train,IMG_5851_jpg.rf.598d3460e762b4b36b4af69f42a039d3,1,1000,0.5148214149434017,0.39957389974479807,0.5123541005332448,0.39637949385479804,1.2925847791735934,-179.641906393166
train,IMG_5851_jpg.rf.a33466759befdcdb309a620c72715516,1,1000,0.45497282984252874,0.5584278660226167,0.5143573240358594,0.3956816348743511,1.2999272109234836,-96.94501786228308
train,IMG_5851_jpg.rf.bdd46450cf9308b5217b6e7765ea0370,1,1000,0.6185386956092502,0.5412699413369746,0.5179393086381321,0.3915635465836246,1.3227464945527507,160.61613580857812
train,IMG_5851_jpg.rf.c28292cb1ef988c375c9688cbeaaab59,1,1000,0.39656153893250745,0.5127686983285984,0.5126952980385568,0.39646661594668564,1.2931613341878472,90.01060878831724
train,IMG_5851_jpg.rf.f334142998d78cc08b8ed3a14f575ebe,1,1000,0.4443293102561393,0.5508606551748574,0.5141739528350684,0.39525398154180336,1.3008697618411913,95.6953917759214
train,IMG_5852_jpg.rf.2653631091be88e26832182478492184,2,200,0.24487079961945757,0.2169190468380312,0.20247501428645617,0.1498130525135541,1.351517847673103,-157.0438414966196
train,IMG_5852_jpg.rf.2653631091be88e26832182478492184,2,200,0.24263418572187323,0.21307137612612115,0.20183265824804736,0.1488576234305529,1.355877203979473,-158.24116407827475
train,IMG_5852_jpg.rf.2653631091be88e26832182478492184,2,200,0.24000261966650394,0.20722178758900944,0.20235592848484343,0.1494642487380552,1.3538751252781793,-160.99200028101026
train,IMG_5852_jpg.rf.2653631091be88e26832182478492184,2,200,0.24433912777357902,0.21584102808392325,0.20240914822013995,0.14941012131438658,1.354721798225661,-157.34720488221652
train,IMG_5852_jpg.rf.2653631091be88e26832182478492184,2,200,0.20126309348666016,0.17121387992322146,0.18174795598590401,0.146058057962833,1.2443541871010837,-171.53763056973335
train,IMG_5852_jpg.rf.2653631091be88e26832182478492184,2,200,0.24444379500126778,0.21587652026879744,0.20258354732107836,0.15021787707888,1.3485981246739422,-157.6903759436474
train,IMG_5852_jpg.rf.2653631091be88e26832182478492184,2,200,0.24436188049129703,0.23752345996205454,0.19359546305279043,0.18211756010060695,1.0630246910064178,159.9158801351645
train,IMG_5852_jpg.rf.2ecacaff07f7ac03633a557c77fa353b,2,200,0.18463535999066877,0.2223778942695659,0.19961949651752986,0.15358071583562963,1.299769280481629,99.57159240070023
train,IMG_5852_jpg.rf.2ecacaff07f7ac03633a557c77fa353b,2,200,0.2047201483236717,0.23334313964814624,0.19706928868993748,0.1541138864000086,1.2787250603650113,106.88940522974863
train,IMG_5852_jpg.rf.2ecacaff07f7ac03633a557c77fa353b,2,200,0.18294350062427345,0.22107008312326615,0.1993689275068046,0.15342076371307267,1.2994911684813675,99.07408493251081
train,IMG_5852_jpg.rf.2ecacaff07f7ac03633a557c77fa353b,2,200,0.20478212526018275,0.23382030307111223,0.19777054225950924,0.1544532517044235,1.280455672360863,106.70469332123584
train,IMG_5852_jpg.rf.2ecacaff07f7ac03633a557c77fa353b,2,200,0.16249263958256432,0.19387558789874096,0.18157674340811816,0.1469972302346262,1.2352392158566434,-95.07822658902236
train,IMG_5852_jpg.rf.2ecacaff07f7ac03633a557c77fa353b,2,200,0.18396226856612374,0.22189657339019198,0.19974842500758902,0.1538270736248149,1.298525807588179,99.25911612843998
train,IMG_5852_jpg.rf.2ecacaff07f7ac03633a557c77fa353b,2,200,0.24706167820248515,0.2572492515220276,0.19960381458640014,0.1774097361045332,1.1251006791915286,-116.06001005826809
train,IMG_5852_jpg.rf.320925d0bb095765cc4ec00422485677,2,200,0.19853251419103438,0.2293520206830293,0.19749632366494568,0.15503444853761855,1.2738867105204938,104.12082215013069
train,IMG_5852_jpg.rf.320925d0bb095765cc4ec00422485677,2,200,0.16763294250874144,0.20900664572730243,0.19799848096408126,0.153102024580578,1.2932453473851624,94.3358136546685
train,IMG_5852_jpg.rf.320925d0bb095765cc4ec00422485677,2,200,0.17267961566278295,0.21270546701809234,0.19843660257486403,0.15376049381233506,1.2905564859661303,95.69078795993349
train,IMG_5852_jpg.rf.320925d0bb095765cc4ec00422485677,2,200,0.21774213724749186,0.23886873765314065,0.19469509473219096,0.15703708835807667,1.2398032641069245,111.62823868248432
train,IMG_5852_jpg.rf.320925d0bb095765cc4ec00422485677,2,200,0.15039390828090912,0.18507222124101436,0.18189894771831971,0.146432872388956,1.2422002297077017,-91.25890895242571
train,IMG_5852_jpg.rf.320925d0bb095765cc4ec00422485677,2,200,0.19628074103803486,0.2279999932304423,0.19776664485677684,0.15519001809965743,1.2743515805879875,103.21124438223866
train,IMG_5852_jpg.rf.320925d0bb095765cc4ec00422485677,2,200,0.2367111300582797,0.2528914957230045,0.20285159209105855,0.17380890467311091,1.1670955091315334,-111.79975414812696
train,IMG_5852_jpg.rf.76783917e2e9dbca6fd8bb261bd1062c,2,200,0.19545453140592825,0.22774819281394632,0.19787340099046258,0.15468403824681443,1.2792102096192695,103.08100904486092
train,IMG_5852_jpg.rf.76783917e2e9dbca6fd8bb261bd1062c,2,200,0.16612456152500768,0.20804738783138377,0.1980808637906719,0.1529789560634563,1.2948242613742713,93.90836597744489
train,IMG_5852_jpg.rf.76783917e2e9dbca6fd8bb261bd1062c,2,200,0.17117383960230825,0.2118387089873851,0.198589433895452,0.15361051959317118,1.292811419565567,95.26137676572587
train,IMG_5852_jpg.rf.76783917e2e9dbca6fd8bb261bd1062c,2,200,0.21641078978273598,0.23839191815688376,0.19503406641044205,0.1566042959459497,1.2453941013071312,111.14319672267847
train,IMG_5852_jpg.rf.76783917e2e9dbca6fd8bb261bd1062c,2,200,0.15169559025571147,0.18595833157103145,0.18173587294565738,0.14642056094517686,1.2411909350197297,-91.68321654974834
train,IMG_5852_jpg.rf.76783917e2e9dbca6fd8bb261bd1062c,2,200,0.19481028004721326,0.22732102333988446,0.19799374948284928,0.15489775389528404,1.2782222111283779,102.76270374392514
train,IMG_5852_jpg.rf.76783917e2e9dbca6fd8bb261bd1062c,2,200,0.23791013587416432,0.2532569998972435,0.20231127175724067,0.174214815388796,1.161274781973862,-112.27948665870936
train,IMG_5852_jpg.rf.892241e45fc57b709eebcdbf0bad0846,2,200,0.23943439386782028,0.2161534868180871,0.1964149495425232,0.1555395816458422,1.262797208685778,-158.7494917711251
train,IMG_5852_jpg.rf.892241e45fc57b709eebcdbf0bad0846,2,200,0.2381205902483403,0.21438621444704864,0.1958066083400957,0.15468867599112024,1.265810875201594,-159.0893665181008
train,IMG_5852_jpg.rf.892241e45fc57b709eebcdbf0bad0846,2,200,0.23264232495580428,0.20311269349738426,0.19742063518437464,0.15399470956237496,1.2819962175675275,-163.73979745746868
train,IMG_5852_jpg.rf.892241e45fc57b709eebcdbf0bad0846,2,200,0.23844857815053755,0.2140546896837302,0.19657803832933224,0.15489374152992838,1.269115436089777,-159.44395358411703
train,IMG_5852_jpg.rf.892241e45fc57b709eebcdbf0bad0846,2,200,0.18364187667555879,0.14956505961381306,0.1813244508836921,0.14669062862375215,1.236101123738262,179.0857841584747
train,IMG_5852_jpg.rf.892241e45fc57b709eebcdbf0bad0846,2,200,0.22786318652117432,0.1938283010309555,0.19892889542343395,0.1539150203635897,1.2924592736531435,-167.31962113832526
train,IMG_5852_jpg.rf.892241e45fc57b709eebcdbf0bad0846,2,200,0.2523548710156591,0.2392862282637659,0.20020593286351943,0.17604527731985928,1.1372411456387002,157.48727758485447
train,IMG_5852_jpg.rf.8ae033f61d3aa026757c3567959617c6,2,200,0.1900642569054652,0.22330859811121784,0.19730556521498882,0.15526667344975437,1.2707528333750167,101.0009055700919
train,IMG_5852_jpg.rf.8ae033f61d3aa026757c3567959617c6,2,200,0.1591162252132826,0.20262411016923298,0.19795189256925555,0.15302212435547782,1.2936161578139098,91.7856925904539
train,IMG_5852_jpg.rf.8ae033f61d3aa026757c3567959617c6,2,200,0.16436580431024667,0.20637116583644988,0.1982455565048715,0.1537344803867062,1.2895321596443519,93.14092172940832
train,IMG_5852_jpg.rf.8ae033f61d3aa026757c3567959617c6,2,200,0.21258281478692365,0.23508206455467007,0.1941143274876208,0.15762468731211104,1.231496986910794,109.15125121403992
train,IMG_5852_jpg.rf.8ae033f61d3aa026757c3567959617c6,2,200,0.18244982089000708,0.21020288491231667,0.1826068843112579,0.14588647288537784,1.251705389126318,-102.69493885905021
train,IMG_5852_jpg.rf.8ae033f61d3aa026757c3567959617c6,2,200,0.1893571942560362,0.2228127830175336,0.19742149597843373,0.15546316821043224,1.2698924012098314,100.68005747419102
train,IMG_5852_jpg.rf.8ae033f61d3aa026757c3567959617c6,2,200,0.24110195525896505,0.25681800693307866,0.20397181291766867,0.17270415241899884,1.1810475316355518,-114.1812540539739
train,IMG_5852_jpg.rf.9d07336aaed89e92395655a3d758981c,2,200,0.20479585458376684,0.23422729042635526,0.19846123756004683,0.1548927343209405,1.2812817749658394,106.46696169914833
train,IMG_5852_jpg.rf.9d07336aaed89e92395655a3d758981c,2,200,0.17735968970839505,0.21640337458928793,0.19851839357608597,0.15336942367674816,1.2943805148182395,97.30282534642149
train,IMG_5852_jpg.rf.9d07336aaed89e92395655a3d758981c,2,200,0.21631863406492535,0.23952437722868403,0.19651396962253412,0.15596385942500815,1.2599968373892647,111.13028423402562
train,IMG_5852_jpg.rf.9d07336aaed89e92395655a3d758981c,2,200,0.22373715308105935,0.2430857014997938,0.19573794631933922,0.1566636204100147,1.249415440592146,114.50411329658583
train,IMG_5852_jpg.rf.9d07336aaed89e92395655a3d758981c,2,200,0.15225071945266264,0.18618802913351423,0.1818963713249884,0.14690202281833678,1.2382155659621286,91.70554451201176
train,IMG_5852_jpg.rf.9d07336aaed89e92395655a3d758981c,2,200,0.20422658990148707,0.23389077049711815,0.1985834827150163,0.15511302339447547,1.2802502225102594,106.1493154103683
train,IMG_5852_jpg.rf.9d07336aaed89e92395655a3d758981c,2,200,0.23139768675483413,0.2481476193490164,0.20217158150190442,0.17517621265478667,1.1541040786189192,-108.97638313979155
train,IMG_5852_jpg.rf.9d2ecc17dc40188f89589ecdb1f7ee17,2,200,0.2303738633716088,0.1950722198228838,0.20011010416748243,0.15211672526717318,1.315503629308448,-166.33990326878282
train,IMG_5852_jpg.rf.9d2ecc17dc40188f89589ecdb1f7ee17,2,200,0.23970415033580794,0.2133335728894603,0.1982494059381018,0.15238792747781676,1.300952176588668,-158.99079715789637
train,IMG_5852_jpg.rf.9d2ecc17dc40188f89589ecdb1f7ee17,2,200,0.23103104061635882,0.19667722202820104,0.19963777971353594,0.15203602261338536,1.3130952538872829,-165.6847124115888
train,IMG_5852_jpg.rf.9d2ecc17dc40188f89589ecdb1f7ee17,2,200,0.23980059481766902,0.2124619311119781,0.19905717378903068,0.1525409777082356,1.30494229668415,-159.55605533604495
train,IMG_5852_jpg.rf.9d2ecc17dc40188f89589ecdb1f7ee17,2,200,0.18309347726048858,0.14932772563540386,0.18099373643471878,0.14672967915415563,1.2335182457842424,179.1726857662764
train,IMG_5852_jpg.rf.9d2ecc17dc40188f89589ecdb1f7ee17,2,200,0.2294504885965103,0.1935208214520613,0.20033553547913777,0.15241994683245325,1.3143656039937834,-167.02075474780744
train,IMG_5852_jpg.rf.9d2ecc17dc40188f89589ecdb1f7ee17,2,200,0.2451510231108518,0.2336445746311529,0.1974053652141066,0.17873070043105385,1.1044849303338158,160.82894547670523
train,IMG_5852_jpg.rf.e492f8fc40bbef69fccc63e54fdf59a4,2,200,0.19879657240664383,0.2312211418458647,0.19883105051058292,0.15341208393235045,1.2960585986059658,104.68172063903434
train,IMG_5852_jpg.rf.e492f8fc40bbef69fccc63e54fdf59a4,2,200,0.21361796350169882,0.2383762622260515,0.19657494720585975,0.15392955716199477,1.2770448433044288,110.76253167621793
train,IMG_5852_jpg.rf.e492f8fc40bbef69fccc63e54fdf59a4,2,200,0.2032239536706143,0.23328958354489795,0.19792868115892367,0.15343331183089007,1.2899981027397438,106.45859073252102
train,IMG_5852_jpg.rf.e492f8fc40bbef69fccc63e54fdf59a4,2,200,0.21506615210152735,0.23945299311255253,0.1970343615590248,0.15442133176203132,1.2759530002154214,111.12971849156429
train,IMG_5852_jpg.rf.e492f8fc40bbef69fccc63e54fdf59a4,2,200,0.1522678022301288,0.18535694636791955,0.18103093618721483,0.14690247295812486,1.2323205494220537,91.71930079143996
train,IMG_5852_jpg.rf.e492f8fc40bbef69fccc63e54fdf59a4,2,200,0.19462451401430392,0.22879628271340738,0.19927761308260802,0.1536338955909175,1.2970940580275756,103.03610364558452
train,IMG_5852_jpg.rf.e492f8fc40bbef69fccc63e54fdf59a4,2,200,0.238737690580761,0.2513844012714247,0.1996979312328953,0.17681656868933254,1.1294073440807768,-111.99424842696318
train,IMG_5853_jpg.rf.08457306a84083307f2257de740a6e98,2,200,0.7911799009996616,0.7682676914906869,0.6223242139564185,0.582034075058258,1.0692229898981906,158.71063418386498
train,IMG_5853_jpg.rf.0de99b8e85093cfc258bdd0ef71aacfc,2,200,0.7454146189516715,0.7732608498455937,0.6247470537413481,0.5815184999427403,1.0743373663999758,-107.9034077353656
train,IMG_5853_jpg.rf.23a536c441944e235cd1ede1122a0c21,2,200,0.7679087380646804,0.792396194364944,0.6237703169564406,0.5805866317474662,1.0743793998132525,-111.36133591708017
train,IMG_5853_jpg.rf.3b855c61f586909aefcaeeac240c4ba8,2,200,0.6864095555580201,0.737817861595121,0.6360196136512554,0.5699409236338361,1.1159395426391108,101.62480309125544
train,IMG_5853_jpg.rf.ad40896185c5804a374bf3b74ae9387f,2,200,0.751950404109164,0.6993675690888206,0.638646188832907,0.5679504944695173,1.1244750995937096,-166.73153156628752
train,IMG_5853_jpg.rf.b2a740b7d1fb90781fcfaf50731fd758,2,200,0.808600594076748,0.7751252114184937,0.6342925358476911,0.5699093556633447,1.1129709129084357,156.57094504631115
train,IMG_5853_jpg.rf.be6a834eb87bc1ce94cd35788b34ba8e,2,200,0.7491331584437706,0.6948757403420802,0.6391241037864774,0.5670536533135156,1.1270963515565522,-167.16351251836986
train,IMG_5853_jpg.rf.eab6f2381aeb7317180b5390cf3163e4,2,200,0.7748395837432631,0.8025851382171865,0.6281993166644941,0.5761917710516692,1.0902608267346485,-112.837479127407
train,IMG_5853_jpg.rf.eacf7dd8967e1b01b5a8bba4d88dfa39,2,200,0.7799490080975482,0.8039290539593114,0.6253696071492887,0.5793459369513319,1.07944074043247,-113.38124011028847
train,IMG_5854_jpg.rf.361724a7a66edc25589a3a13876ee220,2,200,0.757455559955732,0.7752153961386671,0.5875827047640202,0.5438650560056872,1.0803832647006388,-118.30632920009432
train,IMG_5854_jpg.rf.361724a7a66edc25589a3a13876ee220,2,200,0.7820892742953787,0.7942954047729862,0.590374801129639,0.5458193844770739,1.0816303303248413,-123.83035229336718
train,IMG_5854_jpg.rf.3b30c236e4493d4bab69ccbff81c2cb1,2,200,0.776050271000958,0.7722875305599975,0.5707252243157485,0.5600927214498368,1.0189834690913118,149.49161310333992
train,IMG_5854_jpg.rf.3b30c236e4493d4bab69ccbff81c2cb1,2,200,0.7917640673340717,0.7895387671559484,0.5721635318313337,0.5630552847866152,1.016176470216722,144.94822859558255
train,IMG_5854_jpg.rf.4c4ae993d04435dddad4b4ef31cc6b2b,2,200,0.7688323950122371,0.7815931313685531,0.5837745231915685,0.5468829240145773,1.0674579467688918,-120.84257574199117
train,IMG_5854_jpg.rf.4c4ae993d04435dddad4b4ef31cc6b2b,2,200,0.790559606772033,0.7982498226942263,0.5864182909384109,0.5492789935325426,1.0676146327151832,-126.58068911462495
train,IMG_5854_jpg.rf.5029cfe0a31600418a13494369853419,2,200,0.7879602328334605,0.7735785412590329,0.5890201538911783,0.5423992268156365,1.0859531591688432,147.59918333066753
train,IMG_5854_jpg.rf.5029cfe0a31600418a13494369853419,2,200,0.7929417114609332,0.7788781531453717,0.5920330615582464,0.5432504773296614,1.08979759110084,146.76231658381917
train,IMG_5854_jpg.rf.71b547a45d768cc4d1dc49224f9dbb80,2,200,0.7622131095011936,0.7590695328705531,0.5703605247831486,0.5633191034834084,1.0124998801854899,153.40194233814714
train,IMG_5854_jpg.rf.71b547a45d768cc4d1dc49224f9dbb80,2,200,0.7814709646885236,0.7796597373735276,0.5716240064344968,0.5663520285971919,1.0093086588748754,149.0596429876081
train,IMG_5854_jpg.rf.8834e97eeddfe9a2d7114059ca94ce7e,2,200,0.7790169363573511,0.7679630469286128,0.5810617712226447,0.550531302885336,1.0554563712858804,149.83378032150688
train,IMG_5854_jpg.rf.8834e97eeddfe9a2d7114059ca94ce7e,2,200,0.7898096647189427,0.779802799781238,0.5844654876857193,0.5508406493567765,1.061042768663146,147.1479836159044
train,IMG_5854_jpg.rf.b25e3620f5efea812ae08b3191a203d5,2,200,0.7538596916892983,0.7734231383229356,0.5888324143996776,0.5423308777649475,1.0857438485272535,-117.69347355631636
train,IMG_5854_jpg.rf.b25e3620f5efea812ae08b3191a203d5,2,200,0.7828356243704669,0.795650317434128,0.5923402105650623,0.5437336652269728,1.089394033230956,-124.25591824825611
train,IMG_5854_jpg.rf.d7f9f3b0b383b1b95d53030301996bce,2,200,0.776774552107865,0.793335037197535,0.5960666017297868,0.535572589809249,1.112952031286895,-123.83860261997204
train,IMG_5854_jpg.rf.d7f9f3b0b383b1b95d53030301996bce,2,200,0.7821527478186663,0.7977113938646688,0.5982933384261946,0.5377584783775037,1.112568862198758,-124.52885572666969
train,IMG_5854_jpg.rf.e4b0223f70d0c1d99f69d99ac5495928,2,200,0.7890012959807413,0.7813853087433356,0.5797630218334602,0.5517056485986511,1.0508556932597584,146.06598878777808
train,IMG_5854_jpg.rf.e4b0223f70d0c1d99f69d99ac5495928,2,200,0.7935010715106023,0.7858804994951146,0.5825952791476008,0.5523325714024258,1.0547907353505064,145.25674294216242
train,IMG_5855_jpg.rf.03feb7c2c48bd8575a3d7fb582b792ed,2,200,0.7882458354219201,0.8203056431205782,0.6439109687399748,0.5836356656931835,1.103275564859804,-112.90751387468619
train,IMG_5855_jpg.rf.0a150bcc477e105e211beb677f7e33c6,2,200,0.8107765826284339,0.7781208252496841,0.6423311571353764,0.5849509691097864,1.09809401309808,158.7297396410516
train,IMG_5855_jpg.rf.2521ff239bb5d96df08ef5865f320a74,2,200,0.797083429771284,0.8326066822278276,0.6504000469590703,0.5777838076249915,1.1256806410559883,-114.76260305371868
train,IMG_5855_jpg.rf.42e15f8a49fa4bd4c96253c27a280e7d,2,200,0.8288887747516772,0.7812129400142878,0.658607032182025,0.5680273926550339,1.1594635059827134,156.85011000857725
train,IMG_5855_jpg.rf.62afcb1189b68c3e120014aa7b231f83,2,200,0.8074897214577244,0.7687106349724238,0.6463435912943886,0.5808179244513708,1.1128161926216584,159.73844305254593
train,IMG_5855_jpg.rf.6b28338c3921e1fd6ec09569569f2abc,2,200,0.810635529948637,0.8358241158122046,0.6425767531117343,0.5873402341596944,1.0940451815480794,-116.18883986453223
train,IMG_5855_jpg.rf.8ee62a83ede98c819879315abae67811,2,200,0.7795744355047316,0.80598147812735,0.6368565083274589,0.5910742232244423,1.0774560677900382,-110.92975058465356
train,IMG_5855_jpg.rf.ae3dfe6d878e1d0f46de21fd6ab1b011,2,200,0.8408438494959869,0.8612917538934449,0.650129926116016,0.5795116157173169,1.1218583173890107,123.18534021838171
train,IMG_5855_jpg.rf.ead42d26f42708d02ebc92dfbaa49056,2,200,0.7804644829631244,0.8200907128569337,0.6499079403642568,0.577509842938757,1.1253625341813913,-112.23039986646906
train,IMG_5856_jpg.rf.27980a1b31ead8e01fe9e01fb89dfc33,2,200,0.8350682833148855,0.7358627964499914,0.7063488623500223,0.5604133439612518,1.2604069299228906,163.7300863522624
train,IMG_5856_jpg.rf.3beb96685588cb649504dc2d30677b3a,2,200,0.7507358066078534,0.6291454349057196,0.701151413063114,0.566469085082985,1.2377575961809084,174.67050245138125
train,IMG_5856_jpg.rf.5200d5ec123a4570b82d2a06c6cb9ec3,2,200,0.7563607715095331,0.636247533646596,0.7008200798819112,0.5657786045086316,1.2386825417171097,-173.97190602895185
train,IMG_5856_jpg.rf.7ad7a91c72505b189b675fa538808caf,2,200,0.6039402859181262,0.727149963438437,0.6991624644842468,0.5691885821821828,1.2283494194556113,92.90923912607762
train,IMG_5856_jpg.rf.a3cb3c0341ccc3fefc398c3324c85f71,2,200,0.7222226887037169,0.5954179719644597,0.6990097178296799,0.5665139653410666,1.2338790578778496,177.5890059713426
train,IMG_5856_jpg.rf.c57ea346102debfe35ed88960c0c1b6d,2,200,0.6237322317098923,0.749381533099466,0.7024508492853747,0.5640834641343739,1.2452959427969323,-95.05045116715725
train,IMG_5856_jpg.rf.d563d2356551fc10143bea954b6c4711,2,200,0.729243208549954,0.8291331054458226,0.704906840430275,0.5616293946634627,1.2551103042828917,-105.46340493240535
train,IMG_5856_jpg.rf.f69a617ddfc77a71d42b8e6213367459,2,200,0.8259642694478324,0.726423018278558,0.7038474253514472,0.5627748025465714,1.250673310472534,164.92967042567716
train,IMG_5856_jpg.rf.fdb44d44bf56f7c3b139c299b084f111,2,200,0.5811234777583367,0.7098865884456065,0.6982578977069576,0.5667326208160846,1.2320764185083948,-91.1909784250403
train,IMG_5860_jpg.rf.0f9e20c9f34758810b1e32aa6825f3ca,0,100,0.123046875,0.154296875,0.154296875,0.123046875,1.253968253968254,90.0
train,IMG_5860_jpg.rf.0f9e20c9f34758810b1e32aa6825f3ca,0,100,0.111328125,0.1425781249999999,0.1425781249999999,0.111328125,1.280701754385964,90.0
train,IMG_5860_jpg.rf.0f9e20c9f34758810b1e32aa6825f3ca,0,100,0.1328125,0.16015625000000006,0.16015625,0.1328125,1.2058823529411764,90.0
train,IMG_5860_jpg.rf.0f9e20c9f34758810b1e32aa6825f3ca,0,100,0.11914062500000011,0.140625,0.140625,0.11914062500000006,1.1803278688524586,89.99999999999997
train,IMG_5860_jpg.rf.0f9e20c9f34758810b1e32aa6825f3ca,0,100,0.11718749999999989,0.15234375,0.15234375,0.11718749999999989,1.3000000000000012,90.0
train,IMG_5860_jpg.rf.0f9e20c9f34758810b1e32aa6825f3ca,0,100,0.1269531250000001,0.150390625,0.150390625,0.126953125,1.1846153846153846,90.0
train,IMG_5860_jpg.rf.0f9e20c9f34758810b1e32aa6825f3ca,0,100,0.13671875,0.1640625,0.1640625,0.13671875,1.2,90.0
train,IMG_5860_jpg.rf.0f9e20c9f34758810b1e32aa6825f3ca,0,100,0.14843750000000006,0.1640625,0.1640625,0.1484375,1.105263157894737,90.0
train,IMG_5860_jpg.rf.0f9e20c9f34758810b1e32aa6825f3ca,0,100,0.13085937500000006,0.150390625,0.150390625,0.13085937500000006,1.1492537313432831,89.99999999999999
train,IMG_5860_jpg.rf.33c3ebbde3492bd36051436055b2b3a6,0,100,0.158203125,0.125,0.158203125,0.125,1.265625,180.0
train,IMG_5860_jpg.rf.33c3ebbde3492bd36051436055b2b3a6,0,100,0.1484375,0.11132812500000011,0.1484375,0.11132812500000006,1.3333333333333326,-179.99999999999997
train,IMG_5860_jpg.rf.33c3ebbde3492bd36051436055b2b3a6,0,100,0.16406250000000006,0.1328125,0.16406250000000006,0.1328125,1.2352941176470593,180.0
train,IMG_5860_jpg.rf.33c3ebbde3492bd36051436055b2b3a6,0,100,0.14453125,0.12109375,0.14453125,0.12109375,1.1935483870967742,180.0
train,IMG_5860_jpg.rf.33c3ebbde3492bd36051436055b2b3a6,0,100,0.154296875,0.11914062499999989,0.154296875,0.11914062499999989,1.295081967213116,180.0
train,IMG_5860_jpg.rf.33c3ebbde3492bd36051436055b2b3a6,0,100,0.154296875,0.1289062500000001,0.154296875,0.12890625,1.196969696969697,180.0
train,IMG_5860_jpg.rf.33c3ebbde3492bd36051436055b2b3a6,0,100,0.16796875000000006,0.13671875,0.16796875000000006,0.13671875,1.2285714285714289,180.0
train,IMG_5860_jpg.rf.33c3ebbde3492bd36051436055b2b3a6,0,100,0.169921875,0.1484375,0.169921875,0.1484375,1.144736842105263,180.0
train,IMG_5860_jpg.rf.33c3ebbde3492bd36051436055b2b3a6,0,100,0.15625,0.1328125,0.15625,0.1328125,1.1764705882352942,180.0
train,IMG_5860_jpg.rf.5883ade66dab55a6f6cbfe847682ecf8,0,100,0.115234375,0.15234375,0.15234375,0.115234375,1.3220338983050848,90.0
train,IMG_5860_jpg.rf.5883ade66dab55a6f6cbfe847682ecf8,0,100,0.103515625,0.1406249999999999,0.1406249999999999,0.103515625,1.3584905660377349,90.0
train,IMG_5860_jpg.rf.5883ade66dab55a6f6cbfe847682ecf8,0,100,0.125,0.15820312500000006,0.158203125,0.125,1.265625,90.0
train,IMG_5860_jpg.rf.5883ade66dab55a6f6cbfe847682ecf8,0,100,0.11132812500000011,0.138671875,0.138671875,0.11132812500000006,1.2456140350877187,89.99999999999997
train,IMG_5860_jpg.rf.5883ade66dab55a6f6cbfe847682ecf8,0,100,0.107421875,0.150390625,0.150390625,0.107421875,1.4,90.0
train,IMG_5860_jpg.rf.5883ade66dab55a6f6cbfe847682ecf8,0,100,0.119140625,0.150390625,0.150390625,0.119140625,1.2622950819672132,90.0
train,IMG_5860_jpg.rf.5883ade66dab55a6f6cbfe847682ecf8,0,100,0.126953125,0.16015625,0.16015625,0.126953125,1.2615384615384615,89.99999999999999
train,IMG_5860_jpg.rf.5883ade66dab55a6f6cbfe847682ecf8,0,100,0.138671875,0.162109375,0.162109375,0.138671875,1.1690140845070423,90.0
train,IMG_5860_jpg.rf.5883ade66dab55a6f6cbfe847682ecf8,0,100,0.12304687500000006,0.1484375,0.1484375,0.12304687500000006,1.2063492063492058,89.99999999999999
train,IMG_5860_jpg.rf.5db0929b13b0f18824cfeeebabd19ad4,0,100,0.119140625,0.15820312499999994,0.15820312499999994,0.119140625,1.3278688524590159,90.0
train,IMG_5860_jpg.rf.5db0929b13b0f18824cfeeebabd19ad4,0,100,0.107421875,0.142578125,0.142578125,0.107421875,1.3272727272727274,90.0
train,IMG_5860_jpg.rf.5db0929b13b0f18824cfeeebabd19ad4,0,100,0.1289062499999999,0.162109375,0.162109375,0.1289062499999999,1.2575757575757587,90.0
train,IMG_5860_jpg.rf.5db0929b13b0f18824cfeeebabd19ad4,0,100,0.115234375,0.1425781249999999,0.1425781249999999,0.115234375,1.2372881355932195,90.0
train,IMG_5860_jpg.rf.5db0929b13b0f18824cfeeebabd19ad4,0,100,0.11328125,0.15234375,0.15234375,0.11328125,1.3448275862068966,90.0
train,IMG_5860_jpg.rf.5db0929b13b0f18824cfeeebabd19ad4,0,100,0.123046875,0.15234375,0.15234375,0.123046875,1.2380952380952381,90.0
train,IMG_5860_jpg.rf.5db0929b13b0f18824cfeeebabd19ad4,0,100,0.130859375,0.1640625,0.1640625,0.130859375,1.2537313432835822,90.0
train,IMG_5860_jpg.rf.5db0929b13b0f18824cfeeebabd19ad4,0,100,0.142578125,0.1679687499999999,0.1679687499999999,0.142578125,1.178082191780821,90.0
train,IMG_5860_jpg.rf.5db0929b13b0f18824cfeeebabd19ad4,0,100,0.126953125,0.15234375,0.15234375,0.126953125,1.2,90.0
train,IMG_5860_jpg.rf.89fd7c6e5cb2e2dde0f9720b06a4e246,0,100,0.123046875,0.154296875,0.154296875,0.123046875,1.253968253968254,90.0
train,IMG_5860_jpg.rf.89fd7c6e5cb2e2dde0f9720b06a4e246,0,100,0.111328125,0.140625,0.140625,0.111328125,1.263157894736842,90.0
train,IMG_5860_jpg.rf.89fd7c6e5cb2e2dde0f9720b06a4e246,0,100,0.1328124999999999,0.158203125,0.158203125,0.1328124999999999,1.1911764705882364,90.0
train,IMG_5860_jpg.rf.89fd7c6e5cb2e2dde0f9720b06a4e246,0,100,0.11914062499999989,0.1386718749999999,0.1386718749999999,0.11914062499999989,1.1639344262295084,90.0
train,IMG_5860_jpg.rf.89fd7c6e5cb2e2dde0f9720b06a4e246,0,100,0.1171875,0.150390625,0.150390625,0.1171875,1.2833333333333334,90.0
train,IMG_5860_jpg.rf.89fd7c6e5cb2e2dde0f9720b06a4e246,0,100,0.126953125,0.150390625,0.150390625,0.126953125,1.1846153846153846,90.0
train,IMG_5860_jpg.rf.89fd7c6e5cb2e2dde0f9720b06a4e246,0,100,0.13671875,0.162109375,0.162109375,0.13671875,1.1857142857142857,90.0
train,IMG_5860_jpg.rf.89fd7c6e5cb2e2dde0f9720b06a4e246,0,100,0.1484375,0.1640624999999999,0.1640624999999999,0.1484375,1.105263157894736,90.0
train,IMG_5860_jpg.rf.89fd7c6e5cb2e2dde0f9720b06a4e246,0,100,0.130859375,0.150390625,0.150390625,0.130859375,1.1492537313432836,90.0
train,IMG_5860_jpg.rf.94014115c4cc4489bb295cf1c1760387,0,100,0.115234375,0.162109375,0.162109375,0.115234375,1.4067796610169492,90.0
train,IMG_5860_jpg.rf.94014115c4cc4489bb295cf1c1760387,0,100,0.103515625,0.1484374999999999,0.1484374999999999,0.103515625,1.4339622641509424,90.0
train,IMG_5860_jpg.rf.94014115c4cc4489bb295cf1c1760387,0,100,0.125,0.16406250000000006,0.1640625,0.125,1.3125,90.0
train,IMG_5860_jpg.rf.94014115c4cc4489bb295cf1c1760387,0,100,0.11132812500000011,0.146484375,0.146484375,0.11132812500000006,1.31578947368421,89.99999999999999
train,IMG_5860_jpg.rf.94014115c4cc4489bb295cf1c1760387,0,100,0.107421875,0.15625,0.15625,0.107421875,1.4545454545454546,90.0
train,IMG_5860_jpg.rf.94014115c4cc4489bb295cf1c1760387,0,100,0.119140625,0.158203125,0.158203125,0.119140625,1.3278688524590163,90.0
train,IMG_5860_jpg.rf.94014115c4cc4489bb295cf1c1760387,0,100,0.126953125,0.169921875,0.169921875,0.126953125,1.3384615384615384,90.0
train,IMG_5860_jpg.rf.94014115c4cc4489bb295cf1c1760387,0,100,0.138671875,0.173828125,0.173828125,0.138671875,1.2535211267605635,90.0
train,IMG_5860_jpg.rf.94014115c4cc4489bb295cf1c1760387,0,100,0.12304687500000006,0.158203125,0.158203125,0.12304687500000006,1.2857142857142851,89.99999999999999
train,IMG_5860_jpg.rf.e2e4345b286892b1036f08a012f90036,0,100,0.154296875,0.11328125,0.154296875,0.11328125,1.3620689655172413,180.0
train,IMG_5860_jpg.rf.e2e4345b286892b1036f08a012f90036,0,100,0.140625,0.10156250000000011,0.140625,0.10156250000000006,1.384615384615384,-179.99999999999997
train,IMG_5860_jpg.rf.e2e4345b286892b1036f08a012f90036,0,100,0.15625000000000006,0.123046875,0.15625000000000006,0.123046875,1.2698412698412702,180.0
train,IMG_5860_jpg.rf.e2e4345b286892b1036f08a012f90036,0,100,0.1386718749999999,0.109375,0.1386718749999999,0.109375,1.267857142857142,180.0
train,IMG_5860_jpg.rf.e2e4345b286892b1036f08a012f90036,0,100,0.1484375,0.107421875,0.1484375,0.107421875,1.3818181818181818,180.0
train,IMG_5860_jpg.rf.e2e4345b286892b1036f08a012f90036,0,100,0.1484375,0.11718750000000022,0.1484375,0.11718750000000011,1.2666666666666655,-179.99999999999997
train,IMG_5860_jpg.rf.e2e4345b286892b1036f08a012f90036,0,100,0.16015625000000006,0.126953125,0.16015625000000006,0.126953125,1.261538461538462,180.0
train,IMG_5860_jpg.rf.e2e4345b286892b1036f08a012f90036,0,100,0.1621093749999999,0.13671875,0.1621093749999999,0.13671875,1.1857142857142848,180.0
train,IMG_5860_jpg.rf.e2e4345b286892b1036f08a012f90036,0,100,0.1484375,0.12109375,0.1484375,0.12109375,1.2258064516129032,180.0
train,IMG_5860_jpg.rf.eaad74465517562bd47615eb1206a508,0,100,0.154296875,0.1171875,0.154296875,0.1171875,1.3166666666666667,180.0
train,IMG_5860_jpg.rf.eaad74465517562bd47615eb1206a508,0,100,0.142578125,0.10351562500000011,0.142578125,0.10351562500000006,1.377358490566037,-179.99999999999997
train,IMG_5860_jpg.rf.eaad74465517562bd47615eb1206a508,0,100,0.15820312500000006,0.125,0.15820312500000006,0.125,1.2656250000000004,180.0
train,IMG_5860_jpg.rf.eaad74465517562bd47615eb1206a508,0,100,0.1406249999999999,0.111328125,0.1406249999999999,0.111328125,1.2631578947368411,180.0
train,IMG_5860_jpg.rf.eaad74465517562bd47615eb1206a508,0,100,0.150390625,0.109375,0.150390625,0.109375,1.375,180.0
train,IMG_5860_jpg.rf.eaad74465517562bd47615eb1206a508,0,100,0.15234375,0.11914062500000022,0.15234375,0.11914062500000011,1.2786885245901627,-179.99999999999997
train,IMG_5860_jpg.rf.eaad74465517562bd47615eb1206a508,0,100,0.16210937500000006,0.126953125,0.16210937500000006,0.126953125,1.2769230769230773,180.0
train,IMG_5860_jpg.rf.eaad74465517562bd47615eb1206a508,0,100,0.1660156249999999,0.140625,0.1660156249999999,0.140625,1.1805555555555547,180.0
train,IMG_5860_jpg.rf.eaad74465517562bd47615eb1206a508,0,100,0.15234375,0.123046875,0.15234375,0.123046875,1.2380952380952381,180.0
train,IMG_5860_jpg.rf.eb5cebb25a760f2d2549333299ed693e,0,100,0.15625,0.123046875,0.15625,0.123046875,1.2698412698412698,180.0
train,IMG_5860_jpg.rf.eb5cebb25a760f2d2549333299ed693e,0,100,0.14453125,0.11132812500000011,0.14453125,0.11132812500000006,1.298245614035087,-179.99999999999997
train,IMG_5860_jpg.rf.eb5cebb25a760f2d2549333299ed693e,0,100,0.16210937500000006,0.1328125,0.16210937500000006,0.1328125,1.220588235294118,180.0
train,IMG_5860_jpg.rf.eb5cebb25a760f2d2549333299ed693e,0,100,0.1425781249999999,0.119140625,0.1425781249999999,0.119140625,1.196721311475409,180.0
train,IMG_5860_jpg.rf.eb5cebb25a760f2d2549333299ed693e,0,100,0.15234375,0.11718749999999989,0.15234375,0.11718749999999989,1.3000000000000012,180.0
train,IMG_5860_jpg.rf.eb5cebb25a760f2d2549333299ed693e,0,100,0.15234375,0.1269531250000001,0.15234375,0.126953125,1.2,180.0
train,IMG_5860_jpg.rf.eb5cebb25a760f2d2549333299ed693e,0,100,0.16601562500000006,0.13671875,0.16601562500000006,0.13671875,1.2142857142857146,180.0
train,IMG_5860_jpg.rf.eb5cebb25a760f2d2549333299ed693e,0,100,0.1679687499999999,0.1484375,0.1679687499999999,0.1484375,1.1315789473684204,180.0
train,IMG_5860_jpg.rf.eb5cebb25a760f2d2549333299ed693e,0,100,0.154296875,0.130859375,0.154296875,0.130859375,1.1791044776119404,180.0
train,IMG_5862_jpg.rf.0e895df032beef1b997bab842b2f3b02,0,100,0.68359375,0.66015625,0.68359375,0.66015625,1.0355029585798816,-180.0
train,IMG_5862_jpg.rf.15c330352eb1859927c7e379d5f6730d,0,100,0.6875,0.68359375,0.6875,0.68359375,1.0057142857142858,-180.0
train,IMG_5862_jpg.rf.248c685b0ae1f80828d8c7c944776939,0,100,0.638671875,0.640625,0.640625,0.638671875,1.003058103975535,90.0
train,IMG_5862_jpg.rf.3c5d2bbb09c87262daaa6c74ca158570,0,100,0.68359375,0.654296875,0.68359375,0.654296875,1.044776119402985,-180.0
train,IMG_5862_jpg.rf.75911ffbbb3c24aedea27e1df904d7e8,0,100,0.650390625,0.68359375,0.68359375,0.650390625,1.0510510510510511,90.0
train,IMG_5862_jpg.rf.88ebdf48fc8a8ed6d13c5eafda587c66,0,100,0.654296875,0.654296875,0.654296875,0.654296875,1.0,-180.0
train,IMG_5862_jpg.rf.b37d8642acfde15e27aa1cf20a65a4db,0,100,0.650390625,0.68359375,0.68359375,0.650390625,1.0510510510510511,90.0
train,IMG_5862_jpg.rf.de0ec52fc61648a6a601872a66e15d21,0,100,0.66796875,0.6640625,0.66796875,0.6640625,1.0058823529411764,-180.0
train,IMG_5862_jpg.rf.fae81938bca6846777208308d4f82120,0,100,0.666015625,0.66015625,0.666015625,0.66015625,1.0088757396449703,-180.0
train,IMG_5863_jpg.rf.02b98339a27d7de4f7577a877175c85f,0,100,0.666015625,0.55859375,0.666015625,0.55859375,1.1923076923076923,-180.0
train,IMG_5863_jpg.rf.048882e15fd63a55ec8bfd2e0f010645,0,100,0.673828125,0.564453125,0.673828125,0.564453125,1.193771626297578,-180.0
train,IMG_5863_jpg.rf.26afaee3d0fbc75998959eb9fc4a798f,0,100,0.6015625,0.6796875,0.6796875,0.6015625,1.12987012987013,90.0
train,IMG_5863_jpg.rf.5d975c1db02b3d17b454692c5c358042,0,100,0.5644531250000002,0.7109375,0.7109375,0.5644531250000001,1.2595155709342558,90.0
train,IMG_5863_jpg.rf.641d2a6613af2ba2b623d2cafddf5858,0,100,0.69140625,0.587890625,0.69140625,0.587890625,1.176079734219269,-180.0
train,IMG_5863_jpg.rf.68faede773a8e951bdbd84a9b36b2d2a,0,100,0.591796875,0.70703125,0.70703125,0.591796875,1.1947194719471947,90.0
train,IMG_5863_jpg.rf.9aefa22acbc1b0236f7a09e0f4ce1492,0,100,0.666015625,0.603515625,0.666015625,0.603515625,1.103559870550162,-180.0
train,IMG_5863_jpg.rf.d1f7d4b959fde7ba8e6ebf791ff35d8d,0,100,0.55859375,0.669921875,0.669921875,0.55859375,1.1993006993006994,90.0
train,IMG_5863_jpg.rf.f7720b5d5ba771e02ebeba95542f7e5d,0,100,0.609375,0.6875,0.6875,0.609375,1.1282051282051282,90.0
train,IMG_5864_jpg.rf.38152d282f44415e79e7814610e75085,0,100,0.642578125,0.61328125,0.642578125,0.61328125,1.0477707006369428,-180.0
train,IMG_5864_jpg.rf.74d6d25d08a709556be33ee4afbec1ad,0,100,0.63671875,0.662109375,0.662109375,0.63671875,1.039877300613497,90.0
train,IMG_5864_jpg.rf.8ae2a49b0432e0442dffbce367b8cd57,0,100,0.65234375,0.65625,0.65625,0.65234375,1.0059880239520957,90.0
train,IMG_5864_jpg.rf.9c82c79c563f75563444ce235cebacfb,0,100,0.646484375,0.642578125,0.646484375,0.642578125,1.006079027355623,-180.0
train,IMG_5864_jpg.rf.a0d890e9047cb5e8f0d22ac7b8ea8a7c,0,100,0.642578125,0.619140625,0.642578125,0.619140625,1.0378548895899053,-180.0
train,IMG_5864_jpg.rf.a56bd5c6c36c7c3b0e5fd08cf09fc0e7,0,100,0.642578125,0.650390625,0.650390625,0.642578125,1.012158054711246,90.0
train,IMG_5864_jpg.rf.dcaaf2bd1f2bbc2fd24067190d617b39,0,100,0.609375,0.630859375,0.630859375,0.609375,1.0352564102564104,90.0
train,IMG_5864_jpg.rf.e5cd9d02de3e91a9e19f99f11cfe35e7,0,100,0.6699218750000002,0.662109375,0.669921875,0.662109375,1.0117994100294985,-180.0
train,IMG_5864_jpg.rf.ef0ccf18a3ddc93a946b70a7ff72cba5,0,100,0.642578125,0.626953125,0.642578125,0.626953125,1.0249221183800623,-180.0
train,IMG_5866_jpg.rf.0e53219ae62e200d9ea7f3ee0448ac74,0,100,0.7910156250000002,0.728515625,0.7910156250000001,0.728515625,1.0857908847184987,-180.0
train,IMG_5866_jpg.rf.4fd4789863cd8532d720be4ad7b4a87a,0,100,0.689453125,0.771484375,0.771484375,0.689453125,1.1189801699716715,90.0
train,IMG_5866_jpg.rf.57b6c0a68cd7afc610ad179caf7d0119,0,100,0.677734375,0.751953125,0.751953125,0.677734375,1.1095100864553313,90.0
train,IMG_5866_jpg.rf.5a4734ae7e1f499ab35ae9939712c513,0,100,0.673828125,0.74609375,0.74609375,0.673828125,1.107246376811594,90.0
train,IMG_5866_jpg.rf.b54af8b9430dcc57b969eb20c9af20d8,0,100,0.791015625,0.734375,0.791015625,0.734375,1.077127659574468,-180.0
train,IMG_5866_jpg.rf.bb14e21d28ed41e6175fb93fed37e6e8,0,100,0.74609375,0.72265625,0.74609375,0.72265625,1.0324324324324323,-180.0
train,IMG_5866_jpg.rf.cae5a1473ecfd20a9c35dea497ab339f,0,100,0.787109375,0.7128906250000002,0.787109375,0.7128906250000001,1.1041095890410957,-180.0
train,IMG_5866_jpg.rf.cae5e49616e098a810ccd822df1a296f,0,100,0.7714843750000002,0.70703125,0.7714843750000001,0.70703125,1.0911602209944753,-180.0
train,IMG_5866_jpg.rf.ff2f2c3d9ed038bbabc6941e0b5ee507,0,100,0.7578125,0.673828125,0.7578125,0.673828125,1.1246376811594203,-180.0
train,IMG_5867_jpg.rf.0c9bb32682207fb6a981ba4d97498e86,0,100,0.6640625,0.6796875,0.6796875,0.6640625,1.0235294117647058,90.0
train,IMG_5867_jpg.rf.1419590a0f68a5f56bf1e88e1a3d7e1b,0,100,0.64453125,0.669921875,0.669921875,0.64453125,1.0393939393939393,90.0
train,IMG_5867_jpg.rf.1911e9122e7a9d405f0577b00460c20a,0,100,0.68359375,0.640625,0.68359375,0.640625,1.0670731707317074,-180.0
train,IMG_5867_jpg.rf.739a81929104b77e636517fd48179b8b,0,100,0.68359375,0.6796875,0.68359375,0.6796875,1.0057471264367817,-180.0
train,IMG_5867_jpg.rf.78c0369a2c665c3c471dfafc9214b047,0,100,0.66796875,0.63671875,0.66796875,0.63671875,1.049079754601227,-180.0
train,IMG_5867_jpg.rf.8e532a9ac4892e3353a096a2ced5d67c,0,100,0.6640625,0.654296875,0.6640625,0.654296875,1.0149253731343284,-180.0
train,IMG_5867_jpg.rf.9bda8a13aa93493982c4cfc5ae5d2e9e,0,100,0.68359375,0.68359375,0.68359375,0.68359375,1.0,-180.0
train,IMG_5867_jpg.rf.a7692e18fcf9e8c0a366abff644501b3,0,100,0.68359375,0.650390625,0.68359375,0.650390625,1.0510510510510511,-180.0
train,IMG_5867_jpg.rf.e0568a773edea66e00ab4ae4791fa5bb,0,100,0.63671875,0.640625,0.640625,0.63671875,1.0061349693251533,90.0
train,IMG_5868_jpg.rf.2f3fbb08d302addef1afb239a997d018,0,100,0.744140625,0.662109375,0.744140625,0.662109375,1.1238938053097345,-180.0
train,IMG_5868_jpg.rf.4c714ad7fd81f96751549509e102a04e,0,100,0.66796875,0.73046875,0.73046875,0.66796875,1.0935672514619883,90.0
train,IMG_5868_jpg.rf.6df4bc88f468aab2cbc960389185de48,0,100,0.744140625,0.681640625,0.744140625,0.681640625,1.0916905444126075,-180.0
train,IMG_5868_jpg.rf.75bfc1580cf4cfc3194026ec83076f3a,0,100,0.708984375,0.654296875,0.708984375,0.654296875,1.0835820895522388,-180.0
train,IMG_5868_jpg.rf.7b0a18e18e36f61c4f26c8a391c8db09,0,100,0.759765625,0.66796875,0.759765625,0.66796875,1.1374269005847952,-180.0
train,IMG_5868_jpg.rf.82a8dc72c13436f89a96bb459819d728,0,100,0.662109375,0.740234375,0.740234375,0.662109375,1.1179941002949854,90.0
train,IMG_5868_jpg.rf.a17c88854ba6da0c7646e2260fcaa4cc,0,100,0.744140625,0.71484375,0.744140625,0.71484375,1.040983606557377,-180.0
train,IMG_5868_jpg.rf.a9495a3339251595b0070f3a03c3655f,0,100,0.6660156250000002,0.763671875,0.763671875,0.6660156250000001,1.1466275659824046,90.0
train,IMG_5868_jpg.rf.cad8e033873e163821f1b5701f68ca33,0,100,0.681640625,0.76953125,0.76953125,0.681640625,1.1289398280802292,90.0
train,IMG_5871_jpg.rf.026e536d395f35742beb54d24a60cf6a,3,50,0.16015625,0.123046875,0.16015625,0.123046875,1.3015873015873016,-180.0
train,IMG_5871_jpg.rf.026e536d395f35742beb54d24a60cf6a,3,50,0.162109375,0.12109375000000006,0.162109375,0.12109375000000006,1.3387096774193543,180.0
train,IMG_5871_jpg.rf.026e536d395f35742beb54d24a60cf6a,3,50,0.17578125,0.126953125,0.17578125,0.126953125,1.3846153846153846,180.0
train,IMG_5871_jpg.rf.026e536d395f35742beb54d24a60cf6a,3,50,0.19140625,0.138671875,0.19140625,0.138671875,1.380281690140845,180.0
train,IMG_5871_jpg.rf.026e536d395f35742beb54d24a60cf6a,3,50,0.1621093750000001,0.126953125,0.16210937500000006,0.126953125,1.2769230769230773,-180.0
train,IMG_5871_jpg.rf.026e536d395f35742beb54d24a60cf6a,3,50,0.18554687500000006,0.13671875,0.18554687500000006,0.13671875,1.3571428571428577,180.0
train,IMG_5871_jpg.rf.026e536d395f35742beb54d24a60cf6a,3,50,0.1796874999999999,0.150390625,0.1796874999999999,0.150390625,1.194805194805194,180.0
train,IMG_5871_jpg.rf.10c2862348c22de57c69f04fbcda68f3,3,50,0.11914062500000006,0.16015625,0.16015625,0.11914062500000006,1.3442622950819665,89.99999999999999
train,IMG_5871_jpg.rf.10c2862348c22de57c69f04fbcda68f3,3,50,0.11523437500000006,0.1640625,0.1640625,0.115234375,1.423728813559322,90.0
train,IMG_5871_jpg.rf.10c2862348c22de57c69f04fbcda68f3,3,50,0.12109375,0.17578125000000006,0.17578125,0.12109375,1.4516129032258065,90.0
train,IMG_5871_jpg.rf.10c2862348c22de57c69f04fbcda68f3,3,50,0.1328125,0.19140625000000006,0.19140625,0.1328125,1.4411764705882353,90.0
train,IMG_5871_jpg.rf.10c2862348c22de57c69f04fbcda68f3,3,50,0.123046875,0.1640625,0.1640625,0.123046875,1.3333333333333333,89.99999999999999
train,IMG_5871_jpg.rf.10c2862348c22de57c69f04fbcda68f3,3,50,0.1328125,0.185546875,0.185546875,0.1328125,1.3970588235294117,90.0
train,IMG_5871_jpg.rf.10c2862348c22de57c69f04fbcda68f3,3,50,0.146484375,0.181640625,0.181640625,0.146484375,1.24,90.0
train,IMG_5871_jpg.rf.19ad7707b78e0fec14245f59f17479d1,3,50,0.119140625,0.15625,0.15625,0.119140625,1.3114754098360655,90.0
train,IMG_5871_jpg.rf.19ad7707b78e0fec14245f59f17479d1,3,50,0.11328125,0.16015625,0.16015625,0.11328125,1.4137931034482758,90.0
train,IMG_5871_jpg.rf.19ad7707b78e0fec14245f59f17479d1,3,50,0.119140625,0.171875,0.171875,0.119140625,1.4426229508196722,90.0
train,IMG_5871_jpg.rf.19ad7707b78e0fec14245f59f17479d1,3,50,0.1328125,0.1875,0.1875,0.1328125,1.411764705882353,90.0
train,IMG_5871_jpg.rf.19ad7707b78e0fec14245f59f17479d1,3,50,0.12109375,0.16015625,0.16015625,0.12109375,1.3225806451612903,89.99999999999999
train,IMG_5871_jpg.rf.19ad7707b78e0fec14245f59f17479d1,3,50,0.130859375,0.18164062499999994,0.18164062499999994,0.130859375,1.3880597014925369,90.0
train,IMG_5871_jpg.rf.19ad7707b78e0fec14245f59f17479d1,3,50,0.14453125000000006,0.17578125,0.17578125,0.14453125000000006,1.2162162162162158,90.0
train,IMG_5871_jpg.rf.387a7a63be031f6f6d0dbedccc8c66dd,3,50,0.125,0.154296875,0.154296875,0.125,1.234375,90.0
train,IMG_5871_jpg.rf.387a7a63be031f6f6d0dbedccc8c66dd,3,50,0.12109375,0.158203125,0.158203125,0.12109375,1.3064516129032258,90.0
train,IMG_5871_jpg.rf.387a7a63be031f6f6d0dbedccc8c66dd,3,50,0.126953125,0.171875,0.171875,0.126953125,1.353846153846154,90.0
train,IMG_5871_jpg.rf.387a7a63be031f6f6d0dbedccc8c66dd,3,50,0.138671875,0.185546875,0.185546875,0.138671875,1.3380281690140845,90.0
train,IMG_5871_jpg.rf.387a7a63be031f6f6d0dbedccc8c66dd,3,50,0.12890625,0.1582031249999999,0.1582031249999999,0.12890625,1.2272727272727264,89.99999999999999
train,IMG_5871_jpg.rf.387a7a63be031f6f6d0dbedccc8c66dd,3,50,0.138671875,0.17968749999999994,0.17968749999999994,0.138671875,1.2957746478873235,90.0
train,IMG_5871_jpg.rf.387a7a63be031f6f6d0dbedccc8c66dd,3,50,0.15039062500000006,0.173828125,0.173828125,0.15039062500000006,1.1558441558441555,90.0
train,IMG_5871_jpg.rf.6df288f7b3fc21f3f6f87b11cb9d9184,3,50,0.15625,0.12695312499999994,0.15625,0.12695312499999994,1.2307692307692313,180.0
train,IMG_5871_jpg.rf.6df288f7b3fc21f3f6f87b11cb9d9184,3,50,0.16015625,0.12500000000000006,0.16015625,0.12500000000000006,1.2812499999999993,180.0
train,IMG_5871_jpg.rf.6df288f7b3fc21f3f6f87b11cb9d9184,3,50,0.171875,0.1328125,0.171875,0.1328125,1.2941176470588236,180.0
train,IMG_5871_jpg.rf.6df288f7b3fc21f3f6f87b11cb9d9184,3,50,0.1875,0.1445312500000001,0.1875,0.14453125,1.2972972972972974,180.0
train,IMG_5871_jpg.rf.6df288f7b3fc21f3f6f87b11cb9d9184,3,50,0.16015625,0.1328125,0.16015625,0.1328125,1.2058823529411764,-179.99999999999997
train,IMG_5871_jpg.rf.6df288f7b3fc21f3f6f87b11cb9d9184,3,50,0.18164062500000006,0.142578125,0.18164062500000006,0.142578125,1.2739726027397265,180.0
train,IMG_5871_jpg.rf.6df288f7b3fc21f3f6f87b11cb9d9184,3,50,0.17578125,0.154296875,0.17578125,0.154296875,1.139240506329114,180.0
train,IMG_5871_jpg.rf.6ecc52a770ff5c2e0a64cf545462054a,3,50,0.150390625,0.11914062499999994,0.150390625,0.11914062499999994,1.2622950819672136,180.0
train,IMG_5871_jpg.rf.6ecc52a770ff5c2e0a64cf545462054a,3,50,0.15625,0.11328125000000006,0.15625,0.11328125000000006,1.3793103448275856,180.0
train,IMG_5871_jpg.rf.6ecc52a770ff5c2e0a64cf545462054a,3,50,0.166015625,0.119140625,0.166015625,0.119140625,1.3934426229508197,180.0
train,IMG_5871_jpg.rf.6ecc52a770ff5c2e0a64cf545462054a,3,50,0.18359375,0.13085937500000022,0.18359375,0.1308593750000001,1.4029850746268644,-179.99999999999997
train,IMG_5871_jpg.rf.6ecc52a770ff5c2e0a64cf545462054a,3,50,0.154296875,0.12109375,0.154296875,0.12109375,1.2741935483870968,-179.99999999999997
train,IMG_5871_jpg.rf.6ecc52a770ff5c2e0a64cf545462054a,3,50,0.17773437500000006,0.130859375,0.17773437500000006,0.130859375,1.358208955223881,180.0
train,IMG_5871_jpg.rf.6ecc52a770ff5c2e0a64cf545462054a,3,50,0.171875,0.142578125,0.171875,0.142578125,1.2054794520547945,180.0
train,IMG_5871_jpg.rf.8e92d07a4601d17648ba55864f3a6000,3,50,0.119140625,0.15234375000000006,0.15234375000000006,0.119140625,1.2786885245901645,90.0
train,IMG_5871_jpg.rf.8e92d07a4601d17648ba55864f3a6000,3,50,0.11328125,0.1562499999999999,0.1562499999999999,0.11328125,1.3793103448275852,90.0
train,IMG_5871_jpg.rf.8e92d07a4601d17648ba55864f3a6000,3,50,0.119140625,0.169921875,0.169921875,0.119140625,1.4262295081967213,90.0
train,IMG_5871_jpg.rf.8e92d07a4601d17648ba55864f3a6000,3,50,0.1328125,0.185546875,0.185546875,0.1328125,1.3970588235294117,90.0
train,IMG_5871_jpg.rf.8e92d07a4601d17648ba55864f3a6000,3,50,0.12109375,0.158203125,0.158203125,0.12109375,1.3064516129032258,89.99999999999999
train,IMG_5871_jpg.rf.8e92d07a4601d17648ba55864f3a6000,3,50,0.130859375,0.17773437499999994,0.17773437499999994,0.130859375,1.35820895522388,90.0
train,IMG_5871_jpg.rf.8e92d07a4601d17648ba55864f3a6000,3,50,0.14453125000000006,0.171875,0.171875,0.14453125000000006,1.1891891891891888,90.0
train,IMG_5871_jpg.rf.93bb15d5bd7d9d343dbaaec1fb0f9934,3,50,0.126953125,0.16015625,0.16015625,0.126953125,1.2615384615384615,90.0
train,IMG_5871_jpg.rf.93bb15d5bd7d9d343dbaaec1fb0f9934,3,50,0.123046875,0.1640625,0.1640625,0.123046875,1.3333333333333333,90.0
train,IMG_5871_jpg.rf.93bb15d5bd7d9d343dbaaec1fb0f9934,3,50,0.1308593749999999,0.17578125,0.17578125,0.1308593749999999,1.3432835820895535,90.0
train,IMG_5871_jpg.rf.93bb15d5bd7d9d343dbaaec1fb0f9934,3,50,0.14453125,0.19140625,0.19140625,0.14453125,1.3243243243243243,90.0
train,IMG_5871_jpg.rf.93bb15d5bd7d9d343dbaaec1fb0f9934,3,50,0.130859375,0.1640625,0.1640625,0.130859375,1.2537313432835822,89.99999999999999
train,IMG_5871_jpg.rf.93bb15d5bd7d9d343dbaaec1fb0f9934,3,50,0.140625,0.18554687499999994,0.18554687499999994,0.140625,1.319444444444444,90.0
train,IMG_5871_jpg.rf.93bb15d5bd7d9d343dbaaec1fb0f9934,3,50,0.15234375000000006,0.181640625,0.181640625,0.15234375000000006,1.1923076923076918,90.0
train,IMG_5871_jpg.rf.ac671338f1eb4d82960d7e549596d928,3,50,0.125,0.16015625,0.16015625,0.125,1.28125,90.0
train,IMG_5871_jpg.rf.ac671338f1eb4d82960d7e549596d928,3,50,0.123046875,0.1640625,0.1640625,0.123046875,1.3333333333333333,90.0
train,IMG_5871_jpg.rf.ac671338f1eb4d82960d7e549596d928,3,50,0.12890625,0.17578125,0.17578125,0.12890625,1.3636363636363635,90.0
train,IMG_5871_jpg.rf.ac671338f1eb4d82960d7e549596d928,3,50,0.1425781250000001,0.19140625,0.19140625,0.142578125,1.3424657534246576,90.0
train,IMG_5871_jpg.rf.ac671338f1eb4d82960d7e549596d928,3,50,0.130859375,0.1640624999999999,0.1640624999999999,0.130859375,1.2537313432835813,89.99999999999999
train,IMG_5871_jpg.rf.ac671338f1eb4d82960d7e549596d928,3,50,0.138671875,0.18554687499999994,0.18554687499999994,0.138671875,1.338028169014084,90.0
train,IMG_5871_jpg.rf.ac671338f1eb4d82960d7e549596d928,3,50,0.15234375000000006,0.181640625,0.181640625,0.15234375000000006,1.1923076923076918,90.0
train,IMG_5872_jpg.rf.03e5e8dcaefa9ab8c88f2f7b09df95ca,3,50,0.6894531250000002,0.734375,0.734375,0.6894531250000001,1.065155807365439,90.0
train,IMG_5872_jpg.rf.23f90289d96421991c0ae6a5b33eaaff,3,50,0.685546875,0.7265625,0.7265625,0.685546875,1.0598290598290598,90.0
train,IMG_5872_jpg.rf.3d9217bc984c3331eadef9cea9260106,3,50,0.685546875,0.6484375,0.685546875,0.6484375,1.0572289156626506,-180.0
train,IMG_5872_jpg.rf.49233049f3f7dd55791a969eedc6c90f,3,50,0.6640625,0.70703125,0.70703125,0.6640625,1.0647058823529412,90.0
train,IMG_5872_jpg.rf.62d6920a0470931db7249efc6f14f51e,3,50,0.6484375,0.70703125,0.70703125,0.6484375,1.0903614457831325,90.0
train,IMG_5872_jpg.rf.9d96854ab4d1c3c8820cd2ba0f040c41,3,50,0.68359375,0.701171875,0.701171875,0.68359375,1.0257142857142858,90.0
train,IMG_5872_jpg.rf.b347a81be83a96f495b7d7c0f4ea9727,3,50,0.685546875,0.70703125,0.70703125,0.685546875,1.0313390313390314,90.0
train,IMG_5872_jpg.rf.b5dc4dbe4a4aa98d60c585d153501ccc,3,50,0.6640625,0.734375,0.734375,0.6640625,1.1058823529411765,90.0
train,IMG_5872_jpg.rf.c5f52657e2f2c5f0a62aa51ab082bf98,3,50,0.716796875,0.677734375,0.716796875,0.677734375,1.057636887608069,-180.0
valid,IMG_5843_jpg.rf.97361ba8a0506bf4807d279632d8bfaa,4,500,0.48755503458909405,0.3699352600162169,0.4843099298781164,0.36562577983288075,1.3246055300025164,179.48844060866062
valid,IMG_5844_jpg.rf.02146f054b5e86850a00e0136d26414f,4,500,0.6113407589108367,0.4940057014140729,0.564108261226723,0.4297961392686484,1.3125019275106178,173.15044073170466
valid,IMG_5848_jpg.rf.7ea1cc2eb06c2b306ad04e508dd8ebd4,1,1000,0.5279490674511709,0.41379892689983655,0.519666503212044,0.4030623422692408,1.2892955970193638,178.80651175051912
valid,IMG_5857_jpg.rf.7848e19c0ffafc7b575463c6050e75ca,2,200,0.7592539155653077,0.7213467431861385,0.6253915929986391,0.5698289664008255,1.0975075502896252,-163.84345361286358
valid,IMG_5861_jpg.rf.8a38feb9d2efad64bae0f7aea91a8081,0,100,0.525390625,0.6328125,0.6328125,0.525390625,1.204460966542751,90.0
valid,IMG_5865_jpg.rf.795b1e6623e537b1c6cb21adcf564768,0,100,0.66796875,0.626953125,0.66796875,0.626953125,1.0654205607476634,-180.0
valid,IMG_5869_jpg.rf.eecc9ccedbdbc6241851ce99f3040b0b,0,100,0.685546875,0.71875,0.71875,0.685546875,1.0484330484330484,90.0
valid,IMG_5873_jpg.rf.efb63d9c4125cfe009d6a865c3f28029,3,50,0.75390625,0.66796875,0.75390625,0.66796875,1.128654970760234,-180.0
test,IMG_5841_jpg.rf.973ab642a2970cb7422b17efaf7dcb79,4,500,0.588888888671875,0.5336286757812498,0.5888888886718749,0.5336286757812498,1.1035555535124164,-180.0
test,IMG_5846_jpg.rf.d6f671f15ad74a07d428da01e40c7325,4,500,0.520332380220184,0.4051997955317057,0.5006376661485831,0.378755715840238,1.32179567254308,-176.909030358173
test,IMG_5849_jpg.rf.8273b816a2f56d94128c7ec35c274fce,1,1000,0.5272823536778151,0.41055444142777275,0.5225058459101264,0.4043631953883564,1.2921696432048027,179.3179362980815
test,IMG_5858_jpg.rf.4f3ab873bec98e63bfb56494a5475dc1,2,200,0.54296875,0.625,0.625,0.54296875,1.1510791366906474,90.0
test,IMG_5859_jpg.rf.521834a890b5cfc716915b4334e4f7d1,2,200,0.6796875,0.54296875,0.6796875,0.54296875,1.2517985611510791,-180.0
test,IMG_5870_jpg.rf.46971183e810141957adddc0e91ea3e2,0,100,0.755859375,0.607421875,0.755859375,0.607421875,1.2443729903536977,-180.0
test,IMG_5874_jpg.rf.f731e55bd4a2bce84875e4f3bca27b8b,3,50,0.75390625,0.78125,0.78125,0.75390625,1.0362694300518134,90.0
test,IMG_5875_jpg.rf.eceeedb89e1809dc4e2c5f16be0269d4,3,50,0.6328125,0.59765625,0.6328125,0.59765625,1.0588235294117647,-180.0
